Date,sender,out_degree
2018-10,KT18yTsDxUbVrenxZsbFSx6Ai72hRHod9pHV,1049
2018-10,tz1KtGwriE7VuLwT3LwuvU9Nv4wAxP7XZ57d,505
2018-10,tz1LBEKXaxQbd5Gtzbc1ATCwc3pppu81aWGc,1693
2018-10,tz1YrmJw6Lje27gWqZ94gU9mNavEjkHu1xGc,532
2018-11,KT1WsKJqDiUr1mBSPbpjUfsEfGQiUk1wuCLd,550
2018-11,tz1SZxvD3FHWys9XZEzUZXH6ArzGuNHLUiUJ,51004
2018-11,tz1bDXD6nNSrebqmAnnKKwnX1QdePSMCj4MX,605
2018-11,tz1i3nMJ5q8J6sELp52sAB85gRBb7ZhkyNoa,2084
2018-11,tz1NS1BF1kEz4EDNofXF7VGQ3aSXGYFz1v6a,63554
2018-11,KT18yTsDxUbVrenxZsbFSx6Ai72hRHod9pHV,730
2018-11,tz1YrmJw6Lje27gWqZ94gU9mNavEjkHu1xGc,607
2018-11,tz1TZ9m5bUZPSoRzDRikF8NbX7TYT7U1vs7t,831
2018-11,tz1PBMghAEzmMvEN8xG7iPpFz1bmCAt5C3q2,83504
2018-11,tz1XmUTE5W5GqsP922gTXQTQnweAefv6ojhy,2684
2018-11,tz1c5tAZhrnRhwXTMxLG6tHKYToJHsHumVbj,11304
2018-12,tz1YrmJw6Lje27gWqZ94gU9mNavEjkHu1xGc,620
2018-12,KT1WsKJqDiUr1mBSPbpjUfsEfGQiUk1wuCLd,555
2018-12,tz1bDXD6nNSrebqmAnnKKwnX1QdePSMCj4MX,597
2018-12,KT18yTsDxUbVrenxZsbFSx6Ai72hRHod9pHV,629
2018-12,tz1NS1BF1kEz4EDNofXF7VGQ3aSXGYFz1v6a,29542
2018-12,tz1PBMghAEzmMvEN8xG7iPpFz1bmCAt5C3q2,23811
2018-7,KT18yTsDxUbVrenxZsbFSx6Ai72hRHod9pHV,886
2018-7,tz1hjem5Rpf4KAVbwMLJet75TDb8HjAKnTYk,928
2018-8,tz1gLp1d7SqUn7B6LYcDwQaeqJodPdzPL5tg,1475
2018-8,tz1VVJ45xvsfuzJuW9uLDvFghrGVJSjkLqR1,1292
2018-8,tz1SVTYK3iEDLcpPGnW5XD1ahJ1RCJjJDkfn,1293
2018-8,KT18yTsDxUbVrenxZsbFSx6Ai72hRHod9pHV,1516
2018-8,tz1LEbsdi6DMY2QfP2K1CAagP3D2cykSU88N,1292
2018-8,tz1U388B2xC7XcJHF1D2899bYBYFFkUy8gjn,1292
2018-9,KT18yTsDxUbVrenxZsbFSx6Ai72hRHod9pHV,1087
2018-9,tz1LBEKXaxQbd5Gtzbc1ATCwc3pppu81aWGc,1511
2019-1,tz1YrmJw6Lje27gWqZ94gU9mNavEjkHu1xGc,597
2019-10,tz1Z7eWGw18LqUgRqmDqNZFQx7f8GEHXRfT8,946
2019-10,tz1cNARmnRRrvZgspPr2rSTUWq5xtGTuKuHY,1295
2019-10,tz1idorxEFjaWPcxe3eETT7V5gsVDuzqwS1G,530
2019-10,tz1YrmJw6Lje27gWqZ94gU9mNavEjkHu1xGc,512
2019-10,tz1bbF9xEYRwAhP4HcKagTpPEayXBqrQn51B,7318
2019-10,tz1Mzpyj3Ebut8oJ38uvzm9eaZQtSTryC3Kx,2489
2019-10,tz1bDXD6nNSrebqmAnnKKwnX1QdePSMCj4MX,505
2019-10,KT1GJBSMRGApA2DnSivs73Fhau6dbfP1Sntd,548
2019-10,tz1acsihTQWHEnxxNz7EEsBDLMTztoZQE9SW,629
2019-10,KT1DzGefKWdrwWn9HxcYtKR46todiC66bxsH,1263
2019-10,KT18vovyWhTYcoUUjhRaUvphKqzjNSQ1yYf3,620
2019-10,tz1MXFrtZoaXckE41bjUCSjAjAap3AFDSr3N,6132
2019-10,tz1SiPXX4MYGNJNDsRc7n8hkvUqFzg8xqF9m,513
2019-10,tz1SYq214SCBy9naR6cvycQsYcUGpBqQAE8d,699
2019-11,tz1bDhCGNZLQw1QXgf6MCzo6EtAVSGkqEB11,988
2019-11,tz1YrmJw6Lje27gWqZ94gU9mNavEjkHu1xGc,501
2019-11,tz1MXFrtZoaXckE41bjUCSjAjAap3AFDSr3N,511
2019-11,tz1NcoDFXMAfB26mpBhVrdSHmppyTeccT6Fi,766
2019-11,tz1SYq214SCBy9naR6cvycQsYcUGpBqQAE8d,804
2019-11,tz1MXjdb684ByEP5qUn5J7EMub7Sr8eBziDe,872
2019-11,tz1SiPXX4MYGNJNDsRc7n8hkvUqFzg8xqF9m,1806
2019-11,tz1e4N6UZzrjoxKbsJoLnxuBy6DfZu4voiTV,511
2019-11,tz1bDXD6nNSrebqmAnnKKwnX1QdePSMCj4MX,751
2019-11,tz1idorxEFjaWPcxe3eETT7V5gsVDuzqwS1G,544
2019-11,tz1acsihTQWHEnxxNz7EEsBDLMTztoZQE9SW,668
2019-11,tz1cNARmnRRrvZgspPr2rSTUWq5xtGTuKuHY,1348
2019-11,tz1Mzpyj3Ebut8oJ38uvzm9eaZQtSTryC3Kx,14257
2019-12,tz1e4N6UZzrjoxKbsJoLnxuBy6DfZu4voiTV,671
2019-12,tz1MXjdb684ByEP5qUn5J7EMub7Sr8eBziDe,751
2019-12,tz1Z7eWGw18LqUgRqmDqNZFQx7f8GEHXRfT8,1186
2019-12,tz1Mzpyj3Ebut8oJ38uvzm9eaZQtSTryC3Kx,11875
2019-12,tz1LnHsA2wpn7guf8b7xzX2i5zNKRQoRQVgJ,1028
2019-12,tz1cNARmnRRrvZgspPr2rSTUWq5xtGTuKuHY,1424
2019-12,tz1MoonPbyMJSqMVsVwExgVc5egnv18CgSDq,541
2019-12,tz1VwmmesDxud2BJEyDKUTV5T5VEP8tGBKGD,501
2019-12,tz1SYq214SCBy9naR6cvycQsYcUGpBqQAE8d,819
2019-12,tz1bDXD6nNSrebqmAnnKKwnX1QdePSMCj4MX,953
2019-12,tz1bDhCGNZLQw1QXgf6MCzo6EtAVSGkqEB11,1067
2019-12,tz2FCNBrERXtaTtNX6iimR1UJ5JSDxvdHM93,602
2019-12,tz1SiPXX4MYGNJNDsRc7n8hkvUqFzg8xqF9m,3076
2019-12,tz1Vs2z88hHRnFLss81M7dXHnbwhZNMDrSgD,605
2019-12,tz1gNjyzyT8L6WgNS4AdNMppsSFw76J4aDvT,586
2019-12,tz1NcoDFXMAfB26mpBhVrdSHmppyTeccT6Fi,1392
2019-12,tz1acsihTQWHEnxxNz7EEsBDLMTztoZQE9SW,939
2019-2,tz1YrmJw6Lje27gWqZ94gU9mNavEjkHu1xGc,592
2019-3,tz1YrmJw6Lje27gWqZ94gU9mNavEjkHu1xGc,594
2019-3,tz1bDXD6nNSrebqmAnnKKwnX1QdePSMCj4MX,698
2019-3,KT1DzGefKWdrwWn9HxcYtKR46todiC66bxsH,576
2019-3,KT18yTsDxUbVrenxZsbFSx6Ai72hRHod9pHV,574
2019-4,KT18yTsDxUbVrenxZsbFSx6Ai72hRHod9pHV,743
2019-4,tz1YrmJw6Lje27gWqZ94gU9mNavEjkHu1xGc,585
2019-4,tz1egoxWxfhwm94YrK5nB5BdyBjnEVm2kSzx,640
2019-4,tz1bDXD6nNSrebqmAnnKKwnX1QdePSMCj4MX,1062
2019-4,KT1DzGefKWdrwWn9HxcYtKR46todiC66bxsH,685
2019-5,tz1SYq214SCBy9naR6cvycQsYcUGpBqQAE8d,675
2019-5,KT18yTsDxUbVrenxZsbFSx6Ai72hRHod9pHV,647
2019-5,tz1YrmJw6Lje27gWqZ94gU9mNavEjkHu1xGc,581
2019-5,KT1GJBSMRGApA2DnSivs73Fhau6dbfP1Sntd,750
2019-5,tz1bDXD6nNSrebqmAnnKKwnX1QdePSMCj4MX,1118
2019-5,KT1DzGefKWdrwWn9HxcYtKR46todiC66bxsH,836
2019-6,KT18vovyWhTYcoUUjhRaUvphKqzjNSQ1yYf3,524
2019-6,tz1bDXD6nNSrebqmAnnKKwnX1QdePSMCj4MX,1266
2019-6,tz1YrmJw6Lje27gWqZ94gU9mNavEjkHu1xGc,569
2019-6,KT1DzGefKWdrwWn9HxcYtKR46todiC66bxsH,970
2019-6,KT18yTsDxUbVrenxZsbFSx6Ai72hRHod9pHV,734
2019-6,tz1SYq214SCBy9naR6cvycQsYcUGpBqQAE8d,708
2019-6,KT1GJBSMRGApA2DnSivs73Fhau6dbfP1Sntd,640
2019-7,KT1DzGefKWdrwWn9HxcYtKR46todiC66bxsH,1137
2019-7,tz1SYq214SCBy9naR6cvycQsYcUGpBqQAE8d,747
2019-7,tz1Mzpyj3Ebut8oJ38uvzm9eaZQtSTryC3Kx,10016
2019-7,KT18vovyWhTYcoUUjhRaUvphKqzjNSQ1yYf3,576
2019-7,KT1GJBSMRGApA2DnSivs73Fhau6dbfP1Sntd,610
2019-7,tz1YrmJw6Lje27gWqZ94gU9mNavEjkHu1xGc,552
2019-7,tz1bDXD6nNSrebqmAnnKKwnX1QdePSMCj4MX,1061
2019-7,KT18yTsDxUbVrenxZsbFSx6Ai72hRHod9pHV,504
2019-8,KT18vovyWhTYcoUUjhRaUvphKqzjNSQ1yYf3,580
2019-8,tz1bDXD6nNSrebqmAnnKKwnX1QdePSMCj4MX,896
2019-8,tz1Z7eWGw18LqUgRqmDqNZFQx7f8GEHXRfT8,645
2019-8,tz1YrmJw6Lje27gWqZ94gU9mNavEjkHu1xGc,524
2019-8,tz1SYq214SCBy9naR6cvycQsYcUGpBqQAE8d,726
2019-8,KT1DzGefKWdrwWn9HxcYtKR46todiC66bxsH,1220
2019-8,tz1Mzpyj3Ebut8oJ38uvzm9eaZQtSTryC3Kx,6873
2019-8,tz1NcoDFXMAfB26mpBhVrdSHmppyTeccT6Fi,503
2019-8,tz1TDSzgaEGahMeWrkaqFC2VQKE9JBVHJQ8k,655
2019-8,tz1egoxWxfhwm94YrK5nB5BdyBjnEVm2kSzx,500
2019-8,KT1GJBSMRGApA2DnSivs73Fhau6dbfP1Sntd,578
2019-9,tz1SYq214SCBy9naR6cvycQsYcUGpBqQAE8d,692
2019-9,tz1Mzpyj3Ebut8oJ38uvzm9eaZQtSTryC3Kx,3493
2019-9,tz1Z7eWGw18LqUgRqmDqNZFQx7f8GEHXRfT8,1118
2019-9,KT1GJBSMRGApA2DnSivs73Fhau6dbfP1Sntd,563
2019-9,tz1bDXD6nNSrebqmAnnKKwnX1QdePSMCj4MX,654
2019-9,KT1DzGefKWdrwWn9HxcYtKR46todiC66bxsH,1257
2019-9,KT18vovyWhTYcoUUjhRaUvphKqzjNSQ1yYf3,629
2019-9,tz1YrmJw6Lje27gWqZ94gU9mNavEjkHu1xGc,517
2019-9,KT18yTsDxUbVrenxZsbFSx6Ai72hRHod9pHV,501
2020-1,tz1bDXD6nNSrebqmAnnKKwnX1QdePSMCj4MX,626
2020-1,tz1SiPXX4MYGNJNDsRc7n8hkvUqFzg8xqF9m,2513
2020-1,tz1bDhCGNZLQw1QXgf6MCzo6EtAVSGkqEB11,892
2020-1,tz1SYq214SCBy9naR6cvycQsYcUGpBqQAE8d,848
2020-1,tz1QH3G2btaWc1vRLNsEfx2gHM7Ad81TeRit,513
2020-1,tz1acsihTQWHEnxxNz7EEsBDLMTztoZQE9SW,809
2020-1,tz1cNARmnRRrvZgspPr2rSTUWq5xtGTuKuHY,1582
2020-1,tz1MoonPbyMJSqMVsVwExgVc5egnv18CgSDq,611
2020-1,tz1Mzpyj3Ebut8oJ38uvzm9eaZQtSTryC3Kx,16372
2020-1,tz1e4N6UZzrjoxKbsJoLnxuBy6DfZu4voiTV,695
2020-1,tz1VwmmesDxud2BJEyDKUTV5T5VEP8tGBKGD,9460
2020-1,tz1Z7eWGw18LqUgRqmDqNZFQx7f8GEHXRfT8,934
2020-1,tz1g4o4a2wxpzJ7EgG3onFM5TLaPyiRFjFhL,513
2020-1,tz1fRAiiDUxnXZwDmQghh1n6VytQUZWNPwWN,606
2020-1,tz2FCNBrERXtaTtNX6iimR1UJ5JSDxvdHM93,1001
2020-1,tz1Ywgcavxq9D6hL32Q2AQWHAux9MrWqGoZC,613
2020-1,tz1gNjyzyT8L6WgNS4AdNMppsSFw76J4aDvT,966
2020-1,tz1Vs2z88hHRnFLss81M7dXHnbwhZNMDrSgD,873
2020-1,tz1NcoDFXMAfB26mpBhVrdSHmppyTeccT6Fi,1184
2020-10,tz1SiPXX4MYGNJNDsRc7n8hkvUqFzg8xqF9m,6002
2020-10,tz1TDSi2iE2pAzvTAXKq6raSbDuPiShh5wgu,1207
2020-10,tz1Z7eWGw18LqUgRqmDqNZFQx7f8GEHXRfT8,626
2020-10,tz1TDSWesFo3EAzSUEyYJosdP9hRbDxk94Ua,581
2020-10,tz1TDS7BsNWczhiq1qGGfDxioY2d2WQxvahe,589
2020-10,tz1Pm31zkj5tryYwhuqE7hhzYnULzrA5g5cf,1304
2020-10,tz1TDSLd4eMT7QSwKfw4wB3ua4UoVuayJJo5,574
2020-10,tz1ggJg924JdWdww6oLGFksRgKctfrDMUNfE,1283
2020-10,tz1Ywgcavxq9D6hL32Q2AQWHAux9MrWqGoZC,748
2020-10,tz1NcoDFXMAfB26mpBhVrdSHmppyTeccT6Fi,1137
2020-10,tz1Vs2z88hHRnFLss81M7dXHnbwhZNMDrSgD,2137
2020-10,tz1fRAiiDUxnXZwDmQghh1n6VytQUZWNPwWN,3566
2020-10,tz1gNjyzyT8L6WgNS4AdNMppsSFw76J4aDvT,2412
2020-10,tz1TDSahjxEYPazcsrzxyX2gHqTzFvkcwUrP,581
2020-10,tz1STpayh8rNYqpxVf3x86pWpzmcKwmrMvNv,606
2020-10,tz1MdSsDBG8k8q1pxZrdpSC2Aw49ukFs8ACy,1526
2020-10,tz1Zrqm4TkJwqTxm5TiyVFh6taXG4Wrq7tko,1435
2020-10,tz1XTZM55hF7g98CzY88MXWhmK8QioGXHtuY,1386
2020-10,tz1dbfppLAAxXZNtf2SDps7rch3qfUznKSoK,661
2020-10,tz1W1en9UpMCH4ZJL8wQCh8JDKCZARyVx2co,12064
2020-10,tz1TDSJ2F9x7m7FfwZDxtqevRJK7xfFi5XUo,578
2020-10,tz1TDSjPFStYcD8cr4JyWyyqwBt1M9WARvme,573
2020-10,tz1LnHsA2wpn7guf8b7xzX2i5zNKRQoRQVgJ,2447
2020-10,tz1iVCqjMRG7MfBoFnVjbLQyeLAeJQfLxXze,575
2020-10,tz1SGrdsM2EDo7juLo1U3vg2FoMekpkpDJLX,792
2020-10,tz3adcvQaKXTCg12zbninqo3q8ptKKtDFTLv,538
2020-10,tz1c9HEyZdAWXZCLE7h3KcZCyykjZr7VY3QM,690
2020-10,tz1SYq214SCBy9naR6cvycQsYcUGpBqQAE8d,1074
2020-10,tz1RV1MBbZMR68tacosb7Mwj6LkbPSUS1er1,597
2020-10,tz1TDSR4jhfb1LHeusVGMRBjZaLH6xAQWMfG,584
2020-10,tz1TDSDUUe2Pc5UqR7ZKmyS5URaL6EdtEh1b,1228
2020-10,tz1MHDcPPMZsK9mPA8XwUSw5kNqoJG3pXJ2f,766
2020-10,tz1YrmJw6Lje27gWqZ94gU9mNavEjkHu1xGc,620
2020-10,tz1TDSNJcq2sKtxjRBdMoqkr72yaVWFJiTrN,579
2020-10,tz1g4o4a2wxpzJ7EgG3onFM5TLaPyiRFjFhL,823
2020-10,tz1aQWeRw2MJpvvurJb78nwSpK8nvNg6EoCc,819
2020-10,tz1TDShnpCSsLVJkBW29wNetEFFYeeNxMSVf,580
2020-10,tz1dXCHSN8uwnappk4uet1WQeuvbaJog4Jwi,1768
2020-10,tz1Mzpyj3Ebut8oJ38uvzm9eaZQtSTryC3Kx,17898
2020-10,tz1fishChEERnSesm8mHe7xsJJwymbHVLcYf,1987
2020-10,tz1TDSN5XSVRFSLsQVUHdzBKvYkPRrFySpRJ,579
2020-10,tz1cNARmnRRrvZgspPr2rSTUWq5xtGTuKuHY,2384
2020-10,tz1bDXD6nNSrebqmAnnKKwnX1QdePSMCj4MX,772
2020-10,tz1TDSxFVDJhi2kttgM45PmhkpWRzfhqAozy,572
2020-10,tz1TDS3hdLzjpCDF4C8eA6xgW23WZKjLyM8t,578
2020-10,tz1MoonPbyMJSqMVsVwExgVc5egnv18CgSDq,1389
2020-10,tz1LonSbajvsh48sEp35EHrYNAWi6hUXz1vX,544
2020-10,tz1acsihTQWHEnxxNz7EEsBDLMTztoZQE9SW,1252
2020-11,tz1Pm31zkj5tryYwhuqE7hhzYnULzrA5g5cf,1200
2020-11,tz1TDSLd4eMT7QSwKfw4wB3ua4UoVuayJJo5,793
2020-11,tz1W1en9UpMCH4ZJL8wQCh8JDKCZARyVx2co,13960
2020-11,tz1fishChEERnSesm8mHe7xsJJwymbHVLcYf,2076
2020-11,tz1dbfppLAAxXZNtf2SDps7rch3qfUznKSoK,679
2020-11,tz1TDSWesFo3EAzSUEyYJosdP9hRbDxk94Ua,798
2020-11,tz1SYq214SCBy9naR6cvycQsYcUGpBqQAE8d,1269
2020-11,tz1dXCHSN8uwnappk4uet1WQeuvbaJog4Jwi,1818
2020-11,tz1MdSsDBG8k8q1pxZrdpSC2Aw49ukFs8ACy,1605
2020-11,tz1ggJg924JdWdww6oLGFksRgKctfrDMUNfE,1208
2020-11,tz1MXjdb684ByEP5qUn5J7EMub7Sr8eBziDe,964
2020-11,tz1egoxWxfhwm94YrK5nB5BdyBjnEVm2kSzx,540
2020-11,tz1Z7eWGw18LqUgRqmDqNZFQx7f8GEHXRfT8,635
2020-11,tz1TDSJ2F9x7m7FfwZDxtqevRJK7xfFi5XUo,805
2020-11,tz1TDSN5XSVRFSLsQVUHdzBKvYkPRrFySpRJ,790
2020-11,tz1c9HEyZdAWXZCLE7h3KcZCyykjZr7VY3QM,722
2020-11,tz1RV1MBbZMR68tacosb7Mwj6LkbPSUS1er1,642
2020-11,tz1SiPXX4MYGNJNDsRc7n8hkvUqFzg8xqF9m,6932
2020-11,tz1e4N6UZzrjoxKbsJoLnxuBy6DfZu4voiTV,1110
2020-11,tz1STpayh8rNYqpxVf3x86pWpzmcKwmrMvNv,568
2020-11,tz1fRAiiDUxnXZwDmQghh1n6VytQUZWNPwWN,4024
2020-11,tz1bDXD6nNSrebqmAnnKKwnX1QdePSMCj4MX,870
2020-11,tz1MoonPbyMJSqMVsVwExgVc5egnv18CgSDq,1897
2020-11,tz1TDSR4jhfb1LHeusVGMRBjZaLH6xAQWMfG,804
2020-11,tz1TDSahjxEYPazcsrzxyX2gHqTzFvkcwUrP,809
2020-11,tz1Mzpyj3Ebut8oJ38uvzm9eaZQtSTryC3Kx,28576
2020-11,tz1Vs2z88hHRnFLss81M7dXHnbwhZNMDrSgD,2375
2020-11,tz1TDSjPFStYcD8cr4JyWyyqwBt1M9WARvme,810
2020-11,tz1TDS7BsNWczhiq1qGGfDxioY2d2WQxvahe,801
2020-11,tz1NcoDFXMAfB26mpBhVrdSHmppyTeccT6Fi,572
2020-11,tz1Zrqm4TkJwqTxm5TiyVFh6taXG4Wrq7tko,1566
2020-11,tz1LonSbajvsh48sEp35EHrYNAWi6hUXz1vX,611
2020-11,tz1TDSxFVDJhi2kttgM45PmhkpWRzfhqAozy,795
2020-11,tz1TDS3hdLzjpCDF4C8eA6xgW23WZKjLyM8t,807
2020-11,tz1TDSDUUe2Pc5UqR7ZKmyS5URaL6EdtEh1b,808
2020-11,tz1TDShnpCSsLVJkBW29wNetEFFYeeNxMSVf,809
2020-11,tz1LnHsA2wpn7guf8b7xzX2i5zNKRQoRQVgJ,3081
2020-11,tz1TDSi2iE2pAzvTAXKq6raSbDuPiShh5wgu,800
2020-11,tz1TDSNJcq2sKtxjRBdMoqkr72yaVWFJiTrN,811
2020-11,tz1cNARmnRRrvZgspPr2rSTUWq5xtGTuKuHY,2395
2020-11,tz1XTZM55hF7g98CzY88MXWhmK8QioGXHtuY,1389
2020-11,tz1g4o4a2wxpzJ7EgG3onFM5TLaPyiRFjFhL,815
2020-11,tz1gNjyzyT8L6WgNS4AdNMppsSFw76J4aDvT,1225
2020-11,tz1acsihTQWHEnxxNz7EEsBDLMTztoZQE9SW,1253
2020-11,tz1Ywgcavxq9D6hL32Q2AQWHAux9MrWqGoZC,760
2020-11,tz1YrmJw6Lje27gWqZ94gU9mNavEjkHu1xGc,605
2020-11,tz1aQWeRw2MJpvvurJb78nwSpK8nvNg6EoCc,960
2020-11,tz1iVCqjMRG7MfBoFnVjbLQyeLAeJQfLxXze,638
2020-11,tz3adcvQaKXTCg12zbninqo3q8ptKKtDFTLv,554
2020-12,tz1dXCHSN8uwnappk4uet1WQeuvbaJog4Jwi,1955
2020-12,tz1MXjdb684ByEP5qUn5J7EMub7Sr8eBziDe,769
2020-12,tz1Z7eWGw18LqUgRqmDqNZFQx7f8GEHXRfT8,585
2020-12,tz1TDSWesFo3EAzSUEyYJosdP9hRbDxk94Ua,925
2020-12,tz1STpayh8rNYqpxVf3x86pWpzmcKwmrMvNv,542
2020-12,tz1LsnEuv4fLsgxU9HJK21v8zHwcuBjb99Cd,882
2020-12,tz1bDhCGNZLQw1QXgf6MCzo6EtAVSGkqEB11,723
2020-12,tz1SYq214SCBy9naR6cvycQsYcUGpBqQAE8d,1312
2020-12,tz1cNARmnRRrvZgspPr2rSTUWq5xtGTuKuHY,2409
2020-12,tz1TDSR4jhfb1LHeusVGMRBjZaLH6xAQWMfG,926
2020-12,tz1Vs2z88hHRnFLss81M7dXHnbwhZNMDrSgD,2266
2020-12,tz1Ywgcavxq9D6hL32Q2AQWHAux9MrWqGoZC,760
2020-12,tz1NcoDFXMAfB26mpBhVrdSHmppyTeccT6Fi,720
2020-12,tz1dbfppLAAxXZNtf2SDps7rch3qfUznKSoK,695
2020-12,tz1TDSxFVDJhi2kttgM45PmhkpWRzfhqAozy,929
2020-12,tz1SiPXX4MYGNJNDsRc7n8hkvUqFzg8xqF9m,8029
2020-12,tz1RV1MBbZMR68tacosb7Mwj6LkbPSUS1er1,662
2020-12,tz1fishChEERnSesm8mHe7xsJJwymbHVLcYf,2164
2020-12,tz1TDSahjxEYPazcsrzxyX2gHqTzFvkcwUrP,930
2020-12,tz1TDSN5XSVRFSLsQVUHdzBKvYkPRrFySpRJ,940
2020-12,tz1Zrqm4TkJwqTxm5TiyVFh6taXG4Wrq7tko,1620
2020-12,tz1TDS7BsNWczhiq1qGGfDxioY2d2WQxvahe,932
2020-12,tz3adcvQaKXTCg12zbninqo3q8ptKKtDFTLv,565
2020-12,tz1gNjyzyT8L6WgNS4AdNMppsSFw76J4aDvT,2752
2020-12,tz1MoonPbyMJSqMVsVwExgVc5egnv18CgSDq,1565
2020-12,tz1TDSi2iE2pAzvTAXKq6raSbDuPiShh5wgu,926
2020-12,tz1TDSLd4eMT7QSwKfw4wB3ua4UoVuayJJo5,930
2020-12,tz1acsihTQWHEnxxNz7EEsBDLMTztoZQE9SW,1272
2020-12,tz1TDSDUUe2Pc5UqR7ZKmyS5URaL6EdtEh1b,939
2020-12,tz1YrmJw6Lje27gWqZ94gU9mNavEjkHu1xGc,560
2020-12,tz1TDSjPFStYcD8cr4JyWyyqwBt1M9WARvme,925
2020-12,tz1TDSNJcq2sKtxjRBdMoqkr72yaVWFJiTrN,928
2020-12,tz1g4o4a2wxpzJ7EgG3onFM5TLaPyiRFjFhL,788
2020-12,tz1aQWeRw2MJpvvurJb78nwSpK8nvNg6EoCc,761
2020-12,tz1LnHsA2wpn7guf8b7xzX2i5zNKRQoRQVgJ,2866
2020-12,tz1bDXD6nNSrebqmAnnKKwnX1QdePSMCj4MX,1066
2020-12,tz1TDS3hdLzjpCDF4C8eA6xgW23WZKjLyM8t,931
2020-12,tz1TDShnpCSsLVJkBW29wNetEFFYeeNxMSVf,922
2020-12,tz1iVCqjMRG7MfBoFnVjbLQyeLAeJQfLxXze,683
2020-12,tz1W1en9UpMCH4ZJL8wQCh8JDKCZARyVx2co,16328
2020-12,tz1ggJg924JdWdww6oLGFksRgKctfrDMUNfE,1141
2020-12,tz1MdSsDBG8k8q1pxZrdpSC2Aw49ukFs8ACy,1718
2020-12,tz1c9HEyZdAWXZCLE7h3KcZCyykjZr7VY3QM,743
2020-12,tz1XTZM55hF7g98CzY88MXWhmK8QioGXHtuY,1409
2020-12,tz1LonSbajvsh48sEp35EHrYNAWi6hUXz1vX,654
2020-12,tz1TDSJ2F9x7m7FfwZDxtqevRJK7xfFi5XUo,928
2020-12,tz1Mzpyj3Ebut8oJ38uvzm9eaZQtSTryC3Kx,30250
2020-12,tz1fRAiiDUxnXZwDmQghh1n6VytQUZWNPwWN,4643
2020-12,tz1Pm31zkj5tryYwhuqE7hhzYnULzrA5g5cf,1194
2020-2,tz1e4N6UZzrjoxKbsJoLnxuBy6DfZu4voiTV,2001
2020-2,tz1acsihTQWHEnxxNz7EEsBDLMTztoZQE9SW,838
2020-2,tz1SYq214SCBy9naR6cvycQsYcUGpBqQAE8d,1041
2020-2,tz1MoonPbyMJSqMVsVwExgVc5egnv18CgSDq,651
2020-2,tz1Zrqm4TkJwqTxm5TiyVFh6taXG4Wrq7tko,562
2020-2,tz1McSBdMYdqS6ELbH7X9n2gLotCshiUbgiL,736
2020-2,tz1QGsTUoxykTQAm7jKnkaw93BmSNKvtW2Me,861
2020-2,tz1gNjyzyT8L6WgNS4AdNMppsSFw76J4aDvT,874
2020-2,tz1fRAiiDUxnXZwDmQghh1n6VytQUZWNPwWN,725
2020-2,tz1QH3G2btaWc1vRLNsEfx2gHM7Ad81TeRit,726
2020-2,tz1NcoDFXMAfB26mpBhVrdSHmppyTeccT6Fi,2235
2020-2,tz1Vs2z88hHRnFLss81M7dXHnbwhZNMDrSgD,1137
2020-2,tz1g4o4a2wxpzJ7EgG3onFM5TLaPyiRFjFhL,516
2020-2,tz1Ywgcavxq9D6hL32Q2AQWHAux9MrWqGoZC,532
2020-2,tz1irLxbM6z2xiNccwnAaWoTZSdefTtQBxb4,530
2020-2,tz1Z7eWGw18LqUgRqmDqNZFQx7f8GEHXRfT8,1518
2020-2,tz1iwMwTE96aHPRunmwqeUpdASepieEy5MDU,819
2020-2,tz1VwmmesDxud2BJEyDKUTV5T5VEP8tGBKGD,8603
2020-2,tz1SiPXX4MYGNJNDsRc7n8hkvUqFzg8xqF9m,5991
2020-2,tz1i9krgnKYTNUpR7wj4kmMWvWYBkwFU88ZA,682
2020-2,tz2FCNBrERXtaTtNX6iimR1UJ5JSDxvdHM93,969
2020-2,tz1cNARmnRRrvZgspPr2rSTUWq5xtGTuKuHY,1696
2020-2,tz1bDXD6nNSrebqmAnnKKwnX1QdePSMCj4MX,1117
2020-2,tz1LnHsA2wpn7guf8b7xzX2i5zNKRQoRQVgJ,1679
2020-2,tz1hjem5Rpf4KAVbwMLJet75TDb8HjAKnTYk,509
2020-2,tz1MXjdb684ByEP5qUn5J7EMub7Sr8eBziDe,1528
2020-2,tz1Mzpyj3Ebut8oJ38uvzm9eaZQtSTryC3Kx,20224
2020-2,tz1dPMpQ4zEgdngrPbwywAowzfbandTQ1dDK,727
2020-2,tz1bDhCGNZLQw1QXgf6MCzo6EtAVSGkqEB11,1565
2020-3,tz1W1en9UpMCH4ZJL8wQCh8JDKCZARyVx2co,633
2020-3,tz1bDhCGNZLQw1QXgf6MCzo6EtAVSGkqEB11,1441
2020-3,tz1NcoDFXMAfB26mpBhVrdSHmppyTeccT6Fi,1421
2020-3,tz1SYq214SCBy9naR6cvycQsYcUGpBqQAE8d,884
2020-3,tz1Z7eWGw18LqUgRqmDqNZFQx7f8GEHXRfT8,1198
2020-3,tz1Pm31zkj5tryYwhuqE7hhzYnULzrA5g5cf,582
2020-3,tz1fishChEERnSesm8mHe7xsJJwymbHVLcYf,773
2020-3,tz1acsihTQWHEnxxNz7EEsBDLMTztoZQE9SW,929
2020-3,tz1SiPXX4MYGNJNDsRc7n8hkvUqFzg8xqF9m,5649
2020-3,tz1MXjdb684ByEP5qUn5J7EMub7Sr8eBziDe,1485
2020-3,tz1bDXD6nNSrebqmAnnKKwnX1QdePSMCj4MX,1151
2020-3,tz1irLxbM6z2xiNccwnAaWoTZSdefTtQBxb4,793
2020-3,tz1QH3G2btaWc1vRLNsEfx2gHM7Ad81TeRit,763
2020-3,tz1dPMpQ4zEgdngrPbwywAowzfbandTQ1dDK,645
2020-3,tz1Ywgcavxq9D6hL32Q2AQWHAux9MrWqGoZC,515
2020-3,tz1Mzpyj3Ebut8oJ38uvzm9eaZQtSTryC3Kx,11249
2020-3,tz1g4o4a2wxpzJ7EgG3onFM5TLaPyiRFjFhL,599
2020-3,tz1VwmmesDxud2BJEyDKUTV5T5VEP8tGBKGD,7599
2020-3,tz1dXCHSN8uwnappk4uet1WQeuvbaJog4Jwi,799
2020-3,tz2FCNBrERXtaTtNX6iimR1UJ5JSDxvdHM93,845
2020-3,tz1Vs2z88hHRnFLss81M7dXHnbwhZNMDrSgD,1390
2020-3,tz1iwMwTE96aHPRunmwqeUpdASepieEy5MDU,1306
2020-3,tz1gNjyzyT8L6WgNS4AdNMppsSFw76J4aDvT,1424
2020-3,tz1Zrqm4TkJwqTxm5TiyVFh6taXG4Wrq7tko,768
2020-3,tz1cNARmnRRrvZgspPr2rSTUWq5xtGTuKuHY,1876
2020-3,tz1e4N6UZzrjoxKbsJoLnxuBy6DfZu4voiTV,1246
2020-3,tz1MoonPbyMJSqMVsVwExgVc5egnv18CgSDq,718
2020-3,tz1bd5Pn5DxPinvCtkeJmoneyYiLeUebvUa5,665
2020-3,tz1LnHsA2wpn7guf8b7xzX2i5zNKRQoRQVgJ,1486
2020-4,tz1Z7eWGw18LqUgRqmDqNZFQx7f8GEHXRfT8,2755
2020-4,tz1gNjyzyT8L6WgNS4AdNMppsSFw76J4aDvT,914
2020-4,tz1Pm31zkj5tryYwhuqE7hhzYnULzrA5g5cf,788
2020-4,tz1MoonPbyMJSqMVsVwExgVc5egnv18CgSDq,681
2020-4,tz1Zrqm4TkJwqTxm5TiyVFh6taXG4Wrq7tko,908
2020-4,tz1dXCHSN8uwnappk4uet1WQeuvbaJog4Jwi,866
2020-4,tz1XTZM55hF7g98CzY88MXWhmK8QioGXHtuY,798
2020-4,tz1NcoDFXMAfB26mpBhVrdSHmppyTeccT6Fi,2261
2020-4,tz1QGsTUoxykTQAm7jKnkaw93BmSNKvtW2Me,709
2020-4,tz1aQWeRw2MJpvvurJb78nwSpK8nvNg6EoCc,933
2020-4,tz1dPMpQ4zEgdngrPbwywAowzfbandTQ1dDK,775
2020-4,tz1SYq214SCBy9naR6cvycQsYcUGpBqQAE8d,992
2020-4,tz1VwmmesDxud2BJEyDKUTV5T5VEP8tGBKGD,9361
2020-4,tz1g4o4a2wxpzJ7EgG3onFM5TLaPyiRFjFhL,571
2020-4,tz1irLxbM6z2xiNccwnAaWoTZSdefTtQBxb4,1160
2020-4,tz1ggJg924JdWdww6oLGFksRgKctfrDMUNfE,511
2020-4,tz1acsihTQWHEnxxNz7EEsBDLMTztoZQE9SW,974
2020-4,tz1fishChEERnSesm8mHe7xsJJwymbHVLcYf,864
2020-4,tz1bDXD6nNSrebqmAnnKKwnX1QdePSMCj4MX,1021
2020-4,tz1W1en9UpMCH4ZJL8wQCh8JDKCZARyVx2co,704
2020-4,tz1Ywgcavxq9D6hL32Q2AQWHAux9MrWqGoZC,539
2020-4,tz1YrmJw6Lje27gWqZ94gU9mNavEjkHu1xGc,808
2020-4,tz1SiPXX4MYGNJNDsRc7n8hkvUqFzg8xqF9m,5035
2020-4,tz1e4N6UZzrjoxKbsJoLnxuBy6DfZu4voiTV,849
2020-4,tz1bDhCGNZLQw1QXgf6MCzo6EtAVSGkqEB11,1317
2020-4,tz1cNARmnRRrvZgspPr2rSTUWq5xtGTuKuHY,1981
2020-4,tz1LnHsA2wpn7guf8b7xzX2i5zNKRQoRQVgJ,1286
2020-4,tz1NgpyEQ4o7p4oD3KbLziUpBMd6F2e1DYyp,533
2020-4,tz1MXjdb684ByEP5qUn5J7EMub7Sr8eBziDe,1651
2020-4,tz1egoxWxfhwm94YrK5nB5BdyBjnEVm2kSzx,710
2020-4,tz1Vs2z88hHRnFLss81M7dXHnbwhZNMDrSgD,1385
2020-4,tz1Mzpyj3Ebut8oJ38uvzm9eaZQtSTryC3Kx,17062
2020-4,tz1bd5Pn5DxPinvCtkeJmoneyYiLeUebvUa5,822
2020-4,tz1iwMwTE96aHPRunmwqeUpdASepieEy5MDU,1337
2020-5,tz1MXjdb684ByEP5qUn5J7EMub7Sr8eBziDe,940
2020-5,tz1fRAiiDUxnXZwDmQghh1n6VytQUZWNPwWN,1224
2020-5,tz1Mzpyj3Ebut8oJ38uvzm9eaZQtSTryC3Kx,37505
2020-5,tz1cNARmnRRrvZgspPr2rSTUWq5xtGTuKuHY,2014
2020-5,tz1NcoDFXMAfB26mpBhVrdSHmppyTeccT6Fi,1963
2020-5,tz3adcvQaKXTCg12zbninqo3q8ptKKtDFTLv,500
2020-5,tz1Pm31zkj5tryYwhuqE7hhzYnULzrA5g5cf,1127
2020-5,tz1irLxbM6z2xiNccwnAaWoTZSdefTtQBxb4,833
2020-5,tz1YrmJw6Lje27gWqZ94gU9mNavEjkHu1xGc,1065
2020-5,tz1bDXD6nNSrebqmAnnKKwnX1QdePSMCj4MX,1123
2020-5,tz1aQWeRw2MJpvvurJb78nwSpK8nvNg6EoCc,1220
2020-5,tz1dPMpQ4zEgdngrPbwywAowzfbandTQ1dDK,1039
2020-5,tz1gNjyzyT8L6WgNS4AdNMppsSFw76J4aDvT,2025
2020-5,tz1SYq214SCBy9naR6cvycQsYcUGpBqQAE8d,964
2020-5,tz1MoonPbyMJSqMVsVwExgVc5egnv18CgSDq,1001
2020-5,tz1SiPXX4MYGNJNDsRc7n8hkvUqFzg8xqF9m,5983
2020-5,tz1g4o4a2wxpzJ7EgG3onFM5TLaPyiRFjFhL,788
2020-5,tz1Vs2z88hHRnFLss81M7dXHnbwhZNMDrSgD,2264
2020-5,tz1bd5Pn5DxPinvCtkeJmoneyYiLeUebvUa5,1270
2020-5,tz1e4N6UZzrjoxKbsJoLnxuBy6DfZu4voiTV,2700
2020-5,tz1NgpyEQ4o7p4oD3KbLziUpBMd6F2e1DYyp,507
2020-5,tz1dXCHSN8uwnappk4uet1WQeuvbaJog4Jwi,976
2020-5,tz1fishChEERnSesm8mHe7xsJJwymbHVLcYf,1022
2020-5,tz1VwmmesDxud2BJEyDKUTV5T5VEP8tGBKGD,10470
2020-5,tz1QGsTUoxykTQAm7jKnkaw93BmSNKvtW2Me,797
2020-5,tz1Ywgcavxq9D6hL32Q2AQWHAux9MrWqGoZC,552
2020-5,tz1Z7eWGw18LqUgRqmDqNZFQx7f8GEHXRfT8,1459
2020-5,tz1LonSbajvsh48sEp35EHrYNAWi6hUXz1vX,516
2020-5,tz1XTZM55hF7g98CzY88MXWhmK8QioGXHtuY,824
2020-5,tz1acsihTQWHEnxxNz7EEsBDLMTztoZQE9SW,1008
2020-5,tz1ggJg924JdWdww6oLGFksRgKctfrDMUNfE,814
2020-5,tz1LnHsA2wpn7guf8b7xzX2i5zNKRQoRQVgJ,3176
2020-5,tz1bDhCGNZLQw1QXgf6MCzo6EtAVSGkqEB11,1131
2020-5,tz1McSBdMYdqS6ELbH7X9n2gLotCshiUbgiL,538
2020-5,tz1Zrqm4TkJwqTxm5TiyVFh6taXG4Wrq7tko,948
2020-5,tz1iwMwTE96aHPRunmwqeUpdASepieEy5MDU,1252
2020-5,tz1W1en9UpMCH4ZJL8wQCh8JDKCZARyVx2co,1330
2020-6,tz1g4o4a2wxpzJ7EgG3onFM5TLaPyiRFjFhL,570
2020-6,tz1fRAiiDUxnXZwDmQghh1n6VytQUZWNPwWN,1402
2020-6,tz1irLxbM6z2xiNccwnAaWoTZSdefTtQBxb4,620
2020-6,tz1SYq214SCBy9naR6cvycQsYcUGpBqQAE8d,959
2020-6,tz1W1en9UpMCH4ZJL8wQCh8JDKCZARyVx2co,2392
2020-6,tz3adcvQaKXTCg12zbninqo3q8ptKKtDFTLv,514
2020-6,tz1c9HEyZdAWXZCLE7h3KcZCyykjZr7VY3QM,505
2020-6,tz1YrmJw6Lje27gWqZ94gU9mNavEjkHu1xGc,1303
2020-6,tz1dPMpQ4zEgdngrPbwywAowzfbandTQ1dDK,1137
2020-6,tz1Mzpyj3Ebut8oJ38uvzm9eaZQtSTryC3Kx,27250
2020-6,tz1MXjdb684ByEP5qUn5J7EMub7Sr8eBziDe,1018
2020-6,tz1Zrqm4TkJwqTxm5TiyVFh6taXG4Wrq7tko,1162
2020-6,tz1SiPXX4MYGNJNDsRc7n8hkvUqFzg8xqF9m,6086
2020-6,tz1bDXD6nNSrebqmAnnKKwnX1QdePSMCj4MX,1002
2020-6,tz1aQWeRw2MJpvvurJb78nwSpK8nvNg6EoCc,1243
2020-6,tz1NcoDFXMAfB26mpBhVrdSHmppyTeccT6Fi,1140
2020-6,tz1e4N6UZzrjoxKbsJoLnxuBy6DfZu4voiTV,1147
2020-6,tz1Ywgcavxq9D6hL32Q2AQWHAux9MrWqGoZC,620
2020-6,tz1ggJg924JdWdww6oLGFksRgKctfrDMUNfE,1489
2020-6,tz1fishChEERnSesm8mHe7xsJJwymbHVLcYf,1363
2020-6,tz1LonSbajvsh48sEp35EHrYNAWi6hUXz1vX,500
2020-6,tz1Vs2z88hHRnFLss81M7dXHnbwhZNMDrSgD,3295
2020-6,tz1McSBdMYdqS6ELbH7X9n2gLotCshiUbgiL,566
2020-6,tz1cNARmnRRrvZgspPr2rSTUWq5xtGTuKuHY,2124
2020-6,tz1acsihTQWHEnxxNz7EEsBDLMTztoZQE9SW,1109
2020-6,tz1XTZM55hF7g98CzY88MXWhmK8QioGXHtuY,1039
2020-6,tz1MoonPbyMJSqMVsVwExgVc5egnv18CgSDq,952
2020-6,tz1Pm31zkj5tryYwhuqE7hhzYnULzrA5g5cf,1222
2020-6,tz1Z7eWGw18LqUgRqmDqNZFQx7f8GEHXRfT8,1202
2020-6,tz1LnHsA2wpn7guf8b7xzX2i5zNKRQoRQVgJ,2628
2020-6,tz1QGsTUoxykTQAm7jKnkaw93BmSNKvtW2Me,650
2020-6,tz1VwmmesDxud2BJEyDKUTV5T5VEP8tGBKGD,10465
2020-6,tz1dXCHSN8uwnappk4uet1WQeuvbaJog4Jwi,1281
2020-6,tz1ch7nvDDAchbAPfTio3yBsdvN1SZJZj1wY,566
2020-6,tz1bd5Pn5DxPinvCtkeJmoneyYiLeUebvUa5,1932
2020-6,tz1gNjyzyT8L6WgNS4AdNMppsSFw76J4aDvT,3920
2020-7,tz1NcoDFXMAfB26mpBhVrdSHmppyTeccT6Fi,1021
2020-7,tz1ch7nvDDAchbAPfTio3yBsdvN1SZJZj1wY,709
2020-7,tz1aQWeRw2MJpvvurJb78nwSpK8nvNg6EoCc,1729
2020-7,tz1cNARmnRRrvZgspPr2rSTUWq5xtGTuKuHY,2213
2020-7,tz1Z7eWGw18LqUgRqmDqNZFQx7f8GEHXRfT8,1079
2020-7,tz1VwmmesDxud2BJEyDKUTV5T5VEP8tGBKGD,3800
2020-7,tz1STpayh8rNYqpxVf3x86pWpzmcKwmrMvNv,507
2020-7,tz1Ywgcavxq9D6hL32Q2AQWHAux9MrWqGoZC,660
2020-7,tz1Vs2z88hHRnFLss81M7dXHnbwhZNMDrSgD,3486
2020-7,tz1acsihTQWHEnxxNz7EEsBDLMTztoZQE9SW,1163
2020-7,tz1dXCHSN8uwnappk4uet1WQeuvbaJog4Jwi,1362
2020-7,tz1fishChEERnSesm8mHe7xsJJwymbHVLcYf,1618
2020-7,tz3adcvQaKXTCg12zbninqo3q8ptKKtDFTLv,516
2020-7,tz1MXjdb684ByEP5qUn5J7EMub7Sr8eBziDe,912
2020-7,tz1bDXD6nNSrebqmAnnKKwnX1QdePSMCj4MX,1036
2020-7,tz1e4N6UZzrjoxKbsJoLnxuBy6DfZu4voiTV,2040
2020-7,tz1LXaBkg3gZLVyB2awuboPAi6CnWxT4bCMt,656
2020-7,tz1SYq214SCBy9naR6cvycQsYcUGpBqQAE8d,1003
2020-7,tz1gNjyzyT8L6WgNS4AdNMppsSFw76J4aDvT,1975
2020-7,tz1SiPXX4MYGNJNDsRc7n8hkvUqFzg8xqF9m,7630
2020-7,tz1bd5Pn5DxPinvCtkeJmoneyYiLeUebvUa5,1403
2020-7,tz1ggJg924JdWdww6oLGFksRgKctfrDMUNfE,1507
2020-7,tz1W1en9UpMCH4ZJL8wQCh8JDKCZARyVx2co,4297
2020-7,tz1dPMpQ4zEgdngrPbwywAowzfbandTQ1dDK,1176
2020-7,tz1YrmJw6Lje27gWqZ94gU9mNavEjkHu1xGc,1109
2020-7,tz1irLxbM6z2xiNccwnAaWoTZSdefTtQBxb4,562
2020-7,tz1Pm31zkj5tryYwhuqE7hhzYnULzrA5g5cf,1442
2020-7,tz1Zrqm4TkJwqTxm5TiyVFh6taXG4Wrq7tko,1254
2020-7,tz1MoonPbyMJSqMVsVwExgVc5egnv18CgSDq,1096
2020-7,tz1c9HEyZdAWXZCLE7h3KcZCyykjZr7VY3QM,575
2020-7,tz1g4o4a2wxpzJ7EgG3onFM5TLaPyiRFjFhL,674
2020-7,tz1XTZM55hF7g98CzY88MXWhmK8QioGXHtuY,1385
2020-7,tz1LnHsA2wpn7guf8b7xzX2i5zNKRQoRQVgJ,4184
2020-7,tz1fRAiiDUxnXZwDmQghh1n6VytQUZWNPwWN,2309
2020-7,tz1Mzpyj3Ebut8oJ38uvzm9eaZQtSTryC3Kx,26120
2020-7,tz1MdSsDBG8k8q1pxZrdpSC2Aw49ukFs8ACy,1451
2020-7,tz1McSBdMYdqS6ELbH7X9n2gLotCshiUbgiL,693
2020-7,tz1UzecJDMoqNnAQ7sJTwqT4tbPAgJwCSftc,1196
2020-8,tz1acsihTQWHEnxxNz7EEsBDLMTztoZQE9SW,1204
2020-8,tz1ggJg924JdWdww6oLGFksRgKctfrDMUNfE,1419
2020-8,tz1Pm31zkj5tryYwhuqE7hhzYnULzrA5g5cf,1694
2020-8,tz1Vs2z88hHRnFLss81M7dXHnbwhZNMDrSgD,4148
2020-8,tz1bDhCGNZLQw1QXgf6MCzo6EtAVSGkqEB11,784
2020-8,tz1SiPXX4MYGNJNDsRc7n8hkvUqFzg8xqF9m,11453
2020-8,tz1NcoDFXMAfB26mpBhVrdSHmppyTeccT6Fi,1282
2020-8,tz1LonSbajvsh48sEp35EHrYNAWi6hUXz1vX,511
2020-8,tz1gNjyzyT8L6WgNS4AdNMppsSFw76J4aDvT,4744
2020-8,tz1Ywgcavxq9D6hL32Q2AQWHAux9MrWqGoZC,661
2020-8,tz1fRAiiDUxnXZwDmQghh1n6VytQUZWNPwWN,3019
2020-8,tz1MRssJTFokjJ4WHAY63wFTufQ8qpxZJtvU,1684
2020-8,tz1ch7nvDDAchbAPfTio3yBsdvN1SZJZj1wY,734
2020-8,tz1dXCHSN8uwnappk4uet1WQeuvbaJog4Jwi,1493
2020-8,tz1Zrqm4TkJwqTxm5TiyVFh6taXG4Wrq7tko,1321
2020-8,tz1STpayh8rNYqpxVf3x86pWpzmcKwmrMvNv,789
2020-8,tz1bDXD6nNSrebqmAnnKKwnX1QdePSMCj4MX,1138
2020-8,tz1cNARmnRRrvZgspPr2rSTUWq5xtGTuKuHY,2256
2020-8,tz1hkzS6pnfnHv9KzX1nbtqXVqUkzcem8FJs,765
2020-8,tz1Z7eWGw18LqUgRqmDqNZFQx7f8GEHXRfT8,627
2020-8,tz1Mzpyj3Ebut8oJ38uvzm9eaZQtSTryC3Kx,44696
2020-8,tz1MoonPbyMJSqMVsVwExgVc5egnv18CgSDq,1559
2020-8,tz1LnHsA2wpn7guf8b7xzX2i5zNKRQoRQVgJ,4018
2020-8,tz2LKitkzuQko37bKETuXUSmFkgCfx1Huvmp,538
2020-8,tz1MXjdb684ByEP5qUn5J7EMub7Sr8eBziDe,1354
2020-8,tz1MdSsDBG8k8q1pxZrdpSC2Aw49ukFs8ACy,1282
2020-8,tz1YrmJw6Lje27gWqZ94gU9mNavEjkHu1xGc,879
2020-8,tz1c9HEyZdAWXZCLE7h3KcZCyykjZr7VY3QM,642
2020-8,tz1dPMpQ4zEgdngrPbwywAowzfbandTQ1dDK,522
2020-8,tz1XTZM55hF7g98CzY88MXWhmK8QioGXHtuY,1397
2020-8,tz1McSBdMYdqS6ELbH7X9n2gLotCshiUbgiL,806
2020-8,tz1g4o4a2wxpzJ7EgG3onFM5TLaPyiRFjFhL,782
2020-8,tz3adcvQaKXTCg12zbninqo3q8ptKKtDFTLv,542
2020-8,tz1SYq214SCBy9naR6cvycQsYcUGpBqQAE8d,1183
2020-8,tz1W1en9UpMCH4ZJL8wQCh8JDKCZARyVx2co,6880
2020-8,tz1dbfppLAAxXZNtf2SDps7rch3qfUznKSoK,552
2020-8,tz1fishChEERnSesm8mHe7xsJJwymbHVLcYf,1796
2020-9,tz1MdSsDBG8k8q1pxZrdpSC2Aw49ukFs8ACy,1428
2020-9,tz1LnHsA2wpn7guf8b7xzX2i5zNKRQoRQVgJ,2849
2020-9,tz1Z7eWGw18LqUgRqmDqNZFQx7f8GEHXRfT8,1024
2020-9,tz1MHDcPPMZsK9mPA8XwUSw5kNqoJG3pXJ2f,1918
2020-9,tz1fishChEERnSesm8mHe7xsJJwymbHVLcYf,1857
2020-9,tz1W1en9UpMCH4ZJL8wQCh8JDKCZARyVx2co,10502
2020-9,tz1WDyeF7yheiSZUTM4SBecGBYhLj6UV8TLw,578
2020-9,tz1STpayh8rNYqpxVf3x86pWpzmcKwmrMvNv,671
2020-9,tz1Mzpyj3Ebut8oJ38uvzm9eaZQtSTryC3Kx,22767
2020-9,tz1fRAiiDUxnXZwDmQghh1n6VytQUZWNPwWN,3517
2020-9,tz1MXjdb684ByEP5qUn5J7EMub7Sr8eBziDe,803
2020-9,tz1SiPXX4MYGNJNDsRc7n8hkvUqFzg8xqF9m,6788
2020-9,tz1McSBdMYdqS6ELbH7X9n2gLotCshiUbgiL,559
2020-9,tz1dXCHSN8uwnappk4uet1WQeuvbaJog4Jwi,1690
2020-9,tz1dbfppLAAxXZNtf2SDps7rch3qfUznKSoK,630
2020-9,tz1Ywgcavxq9D6hL32Q2AQWHAux9MrWqGoZC,781
2020-9,tz1LonSbajvsh48sEp35EHrYNAWi6hUXz1vX,556
2020-9,tz1cNARmnRRrvZgspPr2rSTUWq5xtGTuKuHY,2337
2020-9,tz1iVCqjMRG7MfBoFnVjbLQyeLAeJQfLxXze,551
2020-9,tz3adcvQaKXTCg12zbninqo3q8ptKKtDFTLv,550
2020-9,tz1XTZM55hF7g98CzY88MXWhmK8QioGXHtuY,1400
2020-9,tz1Vs2z88hHRnFLss81M7dXHnbwhZNMDrSgD,3039
2020-9,tz1Zrqm4TkJwqTxm5TiyVFh6taXG4Wrq7tko,1442
2020-9,tz1RV1MBbZMR68tacosb7Mwj6LkbPSUS1er1,506
2020-9,tz1MoonPbyMJSqMVsVwExgVc5egnv18CgSDq,1346
2020-9,tz1g4o4a2wxpzJ7EgG3onFM5TLaPyiRFjFhL,839
2020-9,tz1NcoDFXMAfB26mpBhVrdSHmppyTeccT6Fi,834
2020-9,tz1Pm31zkj5tryYwhuqE7hhzYnULzrA5g5cf,1501
2020-9,tz1acsihTQWHEnxxNz7EEsBDLMTztoZQE9SW,1238
2020-9,tz1bDXD6nNSrebqmAnnKKwnX1QdePSMCj4MX,808
2020-9,tz1c9HEyZdAWXZCLE7h3KcZCyykjZr7VY3QM,684
2020-9,tz1dPMpQ4zEgdngrPbwywAowzfbandTQ1dDK,598
2020-9,tz1YrmJw6Lje27gWqZ94gU9mNavEjkHu1xGc,709
2020-9,tz1gNjyzyT8L6WgNS4AdNMppsSFw76J4aDvT,3119
2020-9,tz1SYq214SCBy9naR6cvycQsYcUGpBqQAE8d,1030
2020-9,tz1ggJg924JdWdww6oLGFksRgKctfrDMUNfE,1348
2021-1,tz1MoonPbyMJSqMVsVwExgVc5egnv18CgSDq,1607
2021-1,tz1RV1MBbZMR68tacosb7Mwj6LkbPSUS1er1,639
2021-1,tz1fRAiiDUxnXZwDmQghh1n6VytQUZWNPwWN,4425
2021-1,tz2LKitkzuQko37bKETuXUSmFkgCfx1Huvmp,965
2021-1,tz1c2yBQNrofzKvKLouC9TqHELSnh64fm8dn,840
2021-1,tz1Mzpyj3Ebut8oJ38uvzm9eaZQtSTryC3Kx,53984
2021-1,tz1STpayh8rNYqpxVf3x86pWpzmcKwmrMvNv,543
2021-1,tz1TDS7BsNWczhiq1qGGfDxioY2d2WQxvahe,873
2021-1,tz1TDSN5XSVRFSLsQVUHdzBKvYkPRrFySpRJ,883
2021-1,tz1Ywgcavxq9D6hL32Q2AQWHAux9MrWqGoZC,768
2021-1,tz1aQWeRw2MJpvvurJb78nwSpK8nvNg6EoCc,764
2021-1,tz1TDSDUUe2Pc5UqR7ZKmyS5URaL6EdtEh1b,896
2021-1,tz1dbfppLAAxXZNtf2SDps7rch3qfUznKSoK,736
2021-1,tz1TDSJ2F9x7m7FfwZDxtqevRJK7xfFi5XUo,881
2021-1,tz1ch7nvDDAchbAPfTio3yBsdvN1SZJZj1wY,677
2021-1,tz1LsnEuv4fLsgxU9HJK21v8zHwcuBjb99Cd,887
2021-1,tz1W1en9UpMCH4ZJL8wQCh8JDKCZARyVx2co,19156
2021-1,tz1MRssJTFokjJ4WHAY63wFTufQ8qpxZJtvU,564
2021-1,tz1egoxWxfhwm94YrK5nB5BdyBjnEVm2kSzx,786
2021-1,tz1TDS3hdLzjpCDF4C8eA6xgW23WZKjLyM8t,881
2021-1,tz1TDSWesFo3EAzSUEyYJosdP9hRbDxk94Ua,876
2021-1,tz1iVCqjMRG7MfBoFnVjbLQyeLAeJQfLxXze,1039
2021-1,tz1acsihTQWHEnxxNz7EEsBDLMTztoZQE9SW,1271
2021-1,tz1YrmJw6Lje27gWqZ94gU9mNavEjkHu1xGc,581
2021-1,tz1TDSahjxEYPazcsrzxyX2gHqTzFvkcwUrP,872
2021-1,tz1dXCHSN8uwnappk4uet1WQeuvbaJog4Jwi,2101
2021-1,tz1MXjdb684ByEP5qUn5J7EMub7Sr8eBziDe,1413
2021-1,tz1fishChEERnSesm8mHe7xsJJwymbHVLcYf,2410
2021-1,tz1SYq214SCBy9naR6cvycQsYcUGpBqQAE8d,1458
2021-1,tz1gNjyzyT8L6WgNS4AdNMppsSFw76J4aDvT,3374
2021-1,tz1LonSbajvsh48sEp35EHrYNAWi6hUXz1vX,766
2021-1,tz1Pm31zkj5tryYwhuqE7hhzYnULzrA5g5cf,1366
2021-1,tz1dPMpQ4zEgdngrPbwywAowzfbandTQ1dDK,726
2021-1,tz1TDSR4jhfb1LHeusVGMRBjZaLH6xAQWMfG,877
2021-1,tz1TDSLd4eMT7QSwKfw4wB3ua4UoVuayJJo5,876
2021-1,tz1TDSjPFStYcD8cr4JyWyyqwBt1M9WARvme,872
2021-1,tz1Zrqm4TkJwqTxm5TiyVFh6taXG4Wrq7tko,1605
2021-1,tz1SiPXX4MYGNJNDsRc7n8hkvUqFzg8xqF9m,12006
2021-1,tz1TDSi2iE2pAzvTAXKq6raSbDuPiShh5wgu,888
2021-1,tz1c9HEyZdAWXZCLE7h3KcZCyykjZr7VY3QM,769
2021-1,tz1SGrdsM2EDo7juLo1U3vg2FoMekpkpDJLX,538
2021-1,tz1NAozDvi5e7frVq9cUaC3uXQQannemB8Jw,556
2021-1,tz1TDSNJcq2sKtxjRBdMoqkr72yaVWFJiTrN,875
2021-1,tz1XTZM55hF7g98CzY88MXWhmK8QioGXHtuY,1426
2021-1,tz1MdSsDBG8k8q1pxZrdpSC2Aw49ukFs8ACy,1771
2021-1,tz1LnHsA2wpn7guf8b7xzX2i5zNKRQoRQVgJ,3556
2021-1,tz1TDShnpCSsLVJkBW29wNetEFFYeeNxMSVf,877
2021-1,tz1Vs2z88hHRnFLss81M7dXHnbwhZNMDrSgD,3329
2021-1,tz1NcoDFXMAfB26mpBhVrdSHmppyTeccT6Fi,827
2021-1,tz1Z7eWGw18LqUgRqmDqNZFQx7f8GEHXRfT8,821
2021-1,tz1bDXD6nNSrebqmAnnKKwnX1QdePSMCj4MX,1443
2021-1,tz1TDSxFVDJhi2kttgM45PmhkpWRzfhqAozy,877
2021-1,tz1bDhCGNZLQw1QXgf6MCzo6EtAVSGkqEB11,871
2021-1,tz3adcvQaKXTCg12zbninqo3q8ptKKtDFTLv,551
2021-1,tz1cNARmnRRrvZgspPr2rSTUWq5xtGTuKuHY,2430
2021-1,tz1g4o4a2wxpzJ7EgG3onFM5TLaPyiRFjFhL,777
2021-10,KT1HbQepzV1nVGg8QVznG7z4RcHseD5kwqBn,14421
2021-10,tz1M8U9MNBPt3gwogzvNqaF5L8tkwWgAFBUF,1486
2021-10,tz1XwJTLycM7mfDNamzsh2y7TdsnNTwZiDAa,1629
2021-10,tz1hjem5Rpf4KAVbwMLJet75TDb8HjAKnTYk,526
2021-10,tz1am2nmU1cJmoPViB6MDM6kQHU6LAivipay,899
2021-10,KT1QxLqukyfohPV5kPkw97Rs6cw1DDDvYgbB,572
2021-10,tz1W1en9UpMCH4ZJL8wQCh8JDKCZARyVx2co,49070
2021-10,KT1KY2x1XrWykYd2dbBNXfE6tVUU3eYNB4wo,774
2021-10,tz1SGrdsM2EDo7juLo1U3vg2FoMekpkpDJLX,2365
2021-10,tz1Pm31zkj5tryYwhuqE7hhzYnULzrA5g5cf,1902
2021-10,tz1bDXD6nNSrebqmAnnKKwnX1QdePSMCj4MX,1828
2021-10,tz1NAozDvi5e7frVq9cUaC3uXQQannemB8Jw,2171
2021-10,tz1hTJnYMKSDUv55yREM8ezmC5nsdbPUWao7,589
2021-10,KT1K4EwTpbvYN9agJdjpyJm4ZZdhpUNKB3F6,748
2021-10,tz1SYq214SCBy9naR6cvycQsYcUGpBqQAE8d,1372
2021-10,tz1e4N6UZzrjoxKbsJoLnxuBy6DfZu4voiTV,4146
2021-10,tz1dbfppLAAxXZNtf2SDps7rch3qfUznKSoK,851
2021-10,tz1fRAiiDUxnXZwDmQghh1n6VytQUZWNPwWN,2524
2021-10,tz1MXjdb684ByEP5qUn5J7EMub7Sr8eBziDe,1122
2021-10,KT1EpGgjQs73QfFJs9z7m1Mxm5MTnpC2tqse,1338
2021-10,tz1aJ34EpQnBV3gwPwFbSs2TB6WbdbFTzto8,2261
2021-10,KT1WxgZ1ZSfMgmsSDDcUn8Xn577HwnQ7e1Lb,686
2021-10,KT1X1LgNkQShpF9nRLYw3Dgdy4qp38MX617z,2093
2021-10,tz1Mzpyj3Ebut8oJ38uvzm9eaZQtSTryC3Kx,52278
2021-10,tz1gNjyzyT8L6WgNS4AdNMppsSFw76J4aDvT,4059
2021-10,tz1LsnEuv4fLsgxU9HJK21v8zHwcuBjb99Cd,1073
2021-10,tz1g4o4a2wxpzJ7EgG3onFM5TLaPyiRFjFhL,1715
2021-10,tz1Vs2z88hHRnFLss81M7dXHnbwhZNMDrSgD,4187
2021-10,tz1iVCqjMRG7MfBoFnVjbLQyeLAeJQfLxXze,1212
2021-10,tz1Y2rhY9nBKfd2jp7m4z8iAMKKARWS3BvFA,729
2021-10,KT1J3wTYb4xk5BsSBkg6ML55bX1xq7desS34,515
2021-10,tz1VQnqCCqX4K5sP3FNkVSNKTdCAMJDd3E1n,764
2021-10,KT1FvqJwEDWb1Gwc55Jd1jjTHRVWbYKUUpyq,5542
2021-10,tz1VCP3MQdfxtRc83CRJZX43wc1oZUxb6KmH,2258
2021-10,tz1XTZM55hF7g98CzY88MXWhmK8QioGXHtuY,958
2021-10,KT1KnuE87q1EKjPozJ5sRAjQA24FPsP57CE3,1103
2021-10,tz1acsihTQWHEnxxNz7EEsBDLMTztoZQE9SW,1326
2021-10,tz1bAjg8KhBjzRMuPbdLfC4EvETmdsuruynm,1050
2021-10,tz1NcoDFXMAfB26mpBhVrdSHmppyTeccT6Fi,1133
2021-10,KT1Gdix8LoDoQng7YqdPNhdP5V7JRX8FqWvM,664
2021-10,KT1D9PA7tvuCe9XnDskd2F67XwdrT4ueqjGe,1429
2021-10,tz1SiPXX4MYGNJNDsRc7n8hkvUqFzg8xqF9m,19504
2021-10,tz1LonSbajvsh48sEp35EHrYNAWi6hUXz1vX,895
2021-10,tz1fishChEERnSesm8mHe7xsJJwymbHVLcYf,5310
2021-10,tz1egoxWxfhwm94YrK5nB5BdyBjnEVm2kSzx,836
2021-10,KT1XjcRq5MLAzMKQ3UHsrue2SeU2NbxUrzmU,2145
2021-10,tz1RV1MBbZMR68tacosb7Mwj6LkbPSUS1er1,1231
2021-10,tz1LnHsA2wpn7guf8b7xzX2i5zNKRQoRQVgJ,4104
2021-10,tz1MHDcPPMZsK9mPA8XwUSw5kNqoJG3pXJ2f,739
2021-10,tz1ch7nvDDAchbAPfTio3yBsdvN1SZJZj1wY,1185
2021-10,tz1Z7eWGw18LqUgRqmDqNZFQx7f8GEHXRfT8,1108
2021-10,tz1MdSsDBG8k8q1pxZrdpSC2Aw49ukFs8ACy,1053
2021-10,tz1Tnr7CDL5i45EHSPpPReBocDiGbMwpdTCn,3886
2021-10,tz1WpH8peQDkYFhkuKw17KnrT4uWvAKKULwh,1752
2021-10,tz1grfW18aeMQ5kajyVxM7rewzXhWGLsXUtY,643
2021-10,tz1bDhCGNZLQw1QXgf6MCzo6EtAVSGkqEB11,1105
2021-10,tz1Ywgcavxq9D6hL32Q2AQWHAux9MrWqGoZC,1018
2021-10,tz1aAx4kKinngvm7RBEZsse31x45CmnzPRwV,567
2021-10,tz2FqBRA1yPQLo4JXfMCT1dFWbFpFE4Tq3bm,940
2021-10,tz1c9HEyZdAWXZCLE7h3KcZCyykjZr7VY3QM,780
2021-10,KT1X3zxdTzPB9DgVzA3ad6dgZe9JEamoaeRy,1209
2021-11,KT1X3zxdTzPB9DgVzA3ad6dgZe9JEamoaeRy,665
2021-11,tz1fishChEERnSesm8mHe7xsJJwymbHVLcYf,6220
2021-11,KT1QxLqukyfohPV5kPkw97Rs6cw1DDDvYgbB,965
2021-11,tz1Y2rhY9nBKfd2jp7m4z8iAMKKARWS3BvFA,805
2021-11,tz1MdSsDBG8k8q1pxZrdpSC2Aw49ukFs8ACy,1036
2021-11,tz1aJ34EpQnBV3gwPwFbSs2TB6WbdbFTzto8,1235
2021-11,tz2FqBRA1yPQLo4JXfMCT1dFWbFpFE4Tq3bm,1380
2021-11,KT1KnuE87q1EKjPozJ5sRAjQA24FPsP57CE3,807
2021-11,tz1MHDcPPMZsK9mPA8XwUSw5kNqoJG3pXJ2f,902
2021-11,tz1WpH8peQDkYFhkuKw17KnrT4uWvAKKULwh,1997
2021-11,tz1VQnqCCqX4K5sP3FNkVSNKTdCAMJDd3E1n,868
2021-11,KT1XjcRq5MLAzMKQ3UHsrue2SeU2NbxUrzmU,3480
2021-11,tz1e4N6UZzrjoxKbsJoLnxuBy6DfZu4voiTV,3984
2021-11,tz1fRAiiDUxnXZwDmQghh1n6VytQUZWNPwWN,2507
2021-11,tz1iVCqjMRG7MfBoFnVjbLQyeLAeJQfLxXze,1402
2021-11,tz1LonSbajvsh48sEp35EHrYNAWi6hUXz1vX,1063
2021-11,tz1gNjyzyT8L6WgNS4AdNMppsSFw76J4aDvT,4039
2021-11,tz1c9HEyZdAWXZCLE7h3KcZCyykjZr7VY3QM,890
2021-11,tz1UuAin8nndpDdDSMnsRvZKKaBsMMJjECfs,604
2021-11,KT1K4EwTpbvYN9agJdjpyJm4ZZdhpUNKB3F6,550
2021-11,KT1EpGgjQs73QfFJs9z7m1Mxm5MTnpC2tqse,1220
2021-11,KT1Xo5B7PNBAeynZPmca4bRh6LQow4og1Zb9,958
2021-11,KT1X1LgNkQShpF9nRLYw3Dgdy4qp38MX617z,1386
2021-11,tz1grfW18aeMQ5kajyVxM7rewzXhWGLsXUtY,761
2021-11,tz1SYq214SCBy9naR6cvycQsYcUGpBqQAE8d,1256
2021-11,tz1bDhCGNZLQw1QXgf6MCzo6EtAVSGkqEB11,1045
2021-11,tz1Ywgcavxq9D6hL32Q2AQWHAux9MrWqGoZC,1086
2021-11,tz1am2nmU1cJmoPViB6MDM6kQHU6LAivipay,932
2021-11,tz1LnHsA2wpn7guf8b7xzX2i5zNKRQoRQVgJ,4008
2021-11,tz1Z7eWGw18LqUgRqmDqNZFQx7f8GEHXRfT8,1052
2021-11,tz1VCP3MQdfxtRc83CRJZX43wc1oZUxb6KmH,2491
2021-11,tz1hTJnYMKSDUv55yREM8ezmC5nsdbPUWao7,651
2021-11,tz1XTZM55hF7g98CzY88MXWhmK8QioGXHtuY,906
2021-11,KT1Aq4wWmVanpQhq4TTfjZXB5AjFpx15iQMM,3227
2021-11,KT1HbQepzV1nVGg8QVznG7z4RcHseD5kwqBn,13566
2021-11,tz1W1en9UpMCH4ZJL8wQCh8JDKCZARyVx2co,50767
2021-11,tz1Pm31zkj5tryYwhuqE7hhzYnULzrA5g5cf,1936
2021-11,tz1Tnr7CDL5i45EHSPpPReBocDiGbMwpdTCn,3666
2021-11,KT1FvqJwEDWb1Gwc55Jd1jjTHRVWbYKUUpyq,10889
2021-11,KT1AEVuykWeuuFX7QkEAMNtffzwhe1Z98hJS,529
2021-11,tz1SiPXX4MYGNJNDsRc7n8hkvUqFzg8xqF9m,13606
2021-11,tz1bDXD6nNSrebqmAnnKKwnX1QdePSMCj4MX,1717
2021-11,KT1D9PA7tvuCe9XnDskd2F67XwdrT4ueqjGe,749
2021-11,tz1acsihTQWHEnxxNz7EEsBDLMTztoZQE9SW,1392
2021-11,tz1MXjdb684ByEP5qUn5J7EMub7Sr8eBziDe,1135
2021-11,tz1RV1MBbZMR68tacosb7Mwj6LkbPSUS1er1,1293
2021-11,tz1hjem5Rpf4KAVbwMLJet75TDb8HjAKnTYk,629
2021-11,tz1XwJTLycM7mfDNamzsh2y7TdsnNTwZiDAa,1719
2021-11,tz1NcoDFXMAfB26mpBhVrdSHmppyTeccT6Fi,1105
2021-11,tz1SGrdsM2EDo7juLo1U3vg2FoMekpkpDJLX,2188
2021-11,tz1Mzpyj3Ebut8oJ38uvzm9eaZQtSTryC3Kx,37474
2021-11,tz1LsnEuv4fLsgxU9HJK21v8zHwcuBjb99Cd,1070
2021-11,tz1M8U9MNBPt3gwogzvNqaF5L8tkwWgAFBUF,1517
2021-11,tz1dbfppLAAxXZNtf2SDps7rch3qfUznKSoK,885
2021-11,tz1aAx4kKinngvm7RBEZsse31x45CmnzPRwV,598
2021-11,tz1ch7nvDDAchbAPfTio3yBsdvN1SZJZj1wY,935
2021-11,tz1VeaJWkdr2m5YaKFgeAafenhHhDcMxWfHC,548
2021-11,tz1Vs2z88hHRnFLss81M7dXHnbwhZNMDrSgD,3968
2021-11,KT1KY2x1XrWykYd2dbBNXfE6tVUU3eYNB4wo,579
2021-11,tz1egoxWxfhwm94YrK5nB5BdyBjnEVm2kSzx,664
2021-11,tz1NAozDvi5e7frVq9cUaC3uXQQannemB8Jw,2182
2021-12,tz1hjem5Rpf4KAVbwMLJet75TDb8HjAKnTYk,885
2021-12,tz1bAjg8KhBjzRMuPbdLfC4EvETmdsuruynm,689
2021-12,tz1XwJTLycM7mfDNamzsh2y7TdsnNTwZiDAa,1820
2021-12,KT1X3zxdTzPB9DgVzA3ad6dgZe9JEamoaeRy,740
2021-12,tz1LsnEuv4fLsgxU9HJK21v8zHwcuBjb99Cd,1076
2021-12,tz1e4N6UZzrjoxKbsJoLnxuBy6DfZu4voiTV,4085
2021-12,tz1WpH8peQDkYFhkuKw17KnrT4uWvAKKULwh,2051
2021-12,tz1RV1MBbZMR68tacosb7Mwj6LkbPSUS1er1,1274
2021-12,tz1UuAin8nndpDdDSMnsRvZKKaBsMMJjECfs,707
2021-12,tz1gNjyzyT8L6WgNS4AdNMppsSFw76J4aDvT,4160
2021-12,tz1MdSsDBG8k8q1pxZrdpSC2Aw49ukFs8ACy,1021
2021-12,tz1XbtFaRFbfc8aWehFBGrTxfxGuTqtNcoVZ,503
2021-12,KT1Aq4wWmVanpQhq4TTfjZXB5AjFpx15iQMM,4340
2021-12,tz1VQnqCCqX4K5sP3FNkVSNKTdCAMJDd3E1n,962
2021-12,tz1egoxWxfhwm94YrK5nB5BdyBjnEVm2kSzx,538
2021-12,tz1Xs1sGyKEKHt1anVWkd7ov2qNufFLMrFrE,11914
2021-12,tz1Mzpyj3Ebut8oJ38uvzm9eaZQtSTryC3Kx,5738
2021-12,tz1Vs2z88hHRnFLss81M7dXHnbwhZNMDrSgD,4163
2021-12,KT1WxgZ1ZSfMgmsSDDcUn8Xn577HwnQ7e1Lb,822
2021-12,tz1Z7eWGw18LqUgRqmDqNZFQx7f8GEHXRfT8,1255
2021-12,tz2FqBRA1yPQLo4JXfMCT1dFWbFpFE4Tq3bm,1273
2021-12,tz1fishChEERnSesm8mHe7xsJJwymbHVLcYf,6598
2021-12,KT1HbQepzV1nVGg8QVznG7z4RcHseD5kwqBn,12217
2021-12,KT1Xo5B7PNBAeynZPmca4bRh6LQow4og1Zb9,3173
2021-12,tz1hTJnYMKSDUv55yREM8ezmC5nsdbPUWao7,718
2021-12,tz1MXjdb684ByEP5qUn5J7EMub7Sr8eBziDe,1277
2021-12,KT1N2oby9tYmv5tjkGD1KyVzkDRCmgDkXgSD,1005
2021-12,KT1KnuE87q1EKjPozJ5sRAjQA24FPsP57CE3,547
2021-12,KT1XjcRq5MLAzMKQ3UHsrue2SeU2NbxUrzmU,3772
2021-12,KT1K4EwTpbvYN9agJdjpyJm4ZZdhpUNKB3F6,1145
2021-12,tz1dbfppLAAxXZNtf2SDps7rch3qfUznKSoK,869
2021-12,tz1SYq214SCBy9naR6cvycQsYcUGpBqQAE8d,1170
2021-12,tz1bDhCGNZLQw1QXgf6MCzo6EtAVSGkqEB11,1272
2021-12,tz1VeaJWkdr2m5YaKFgeAafenhHhDcMxWfHC,1535
2021-12,tz1ch7nvDDAchbAPfTio3yBsdvN1SZJZj1wY,801
2021-12,tz1LnHsA2wpn7guf8b7xzX2i5zNKRQoRQVgJ,4170
2021-12,tz1Pm31zkj5tryYwhuqE7hhzYnULzrA5g5cf,2437
2021-12,KT1X1LgNkQShpF9nRLYw3Dgdy4qp38MX617z,851
2021-12,tz1W1en9UpMCH4ZJL8wQCh8JDKCZARyVx2co,52093
2021-12,tz1iVCqjMRG7MfBoFnVjbLQyeLAeJQfLxXze,1602
2021-12,tz1Tnr7CDL5i45EHSPpPReBocDiGbMwpdTCn,3862
2021-12,tz1NcoDFXMAfB26mpBhVrdSHmppyTeccT6Fi,1205
2021-12,tz1XTZM55hF7g98CzY88MXWhmK8QioGXHtuY,874
2021-12,tz1SiPXX4MYGNJNDsRc7n8hkvUqFzg8xqF9m,19750
2021-12,tz1am2nmU1cJmoPViB6MDM6kQHU6LAivipay,917
2021-12,tz1fRAiiDUxnXZwDmQghh1n6VytQUZWNPwWN,2516
2021-12,KT1AEVuykWeuuFX7QkEAMNtffzwhe1Z98hJS,1114
2021-12,tz1Ywgcavxq9D6hL32Q2AQWHAux9MrWqGoZC,1164
2021-12,tz1Y2rhY9nBKfd2jp7m4z8iAMKKARWS3BvFA,949
2021-12,KT1EpGgjQs73QfFJs9z7m1Mxm5MTnpC2tqse,761
2021-12,tz1NAozDvi5e7frVq9cUaC3uXQQannemB8Jw,2499
2021-12,tz1acsihTQWHEnxxNz7EEsBDLMTztoZQE9SW,1404
2021-12,tz1SGrdsM2EDo7juLo1U3vg2FoMekpkpDJLX,989
2021-12,tz1c9HEyZdAWXZCLE7h3KcZCyykjZr7VY3QM,1003
2021-12,tz1VCP3MQdfxtRc83CRJZX43wc1oZUxb6KmH,2505
2021-12,KT1FvqJwEDWb1Gwc55Jd1jjTHRVWbYKUUpyq,15341
2021-12,tz1bDXD6nNSrebqmAnnKKwnX1QdePSMCj4MX,1548
2021-12,KT1D9PA7tvuCe9XnDskd2F67XwdrT4ueqjGe,967
2021-12,tz1M8U9MNBPt3gwogzvNqaF5L8tkwWgAFBUF,1500
2021-12,KT1T4LkugXZ1byhaSXJjeAM9hNjtsHwo31gY,577
2021-12,tz1LonSbajvsh48sEp35EHrYNAWi6hUXz1vX,1111
2021-12,tz1grfW18aeMQ5kajyVxM7rewzXhWGLsXUtY,908
2021-12,tz1aAx4kKinngvm7RBEZsse31x45CmnzPRwV,534
2021-2,tz1MoonPbyMJSqMVsVwExgVc5egnv18CgSDq,2204
2021-2,tz1SiPXX4MYGNJNDsRc7n8hkvUqFzg8xqF9m,15858
2021-2,tz3adcvQaKXTCg12zbninqo3q8ptKKtDFTLv,558
2021-2,tz1Z7eWGw18LqUgRqmDqNZFQx7f8GEHXRfT8,1370
2021-2,tz1bAjg8KhBjzRMuPbdLfC4EvETmdsuruynm,1839
2021-2,tz1fRAiiDUxnXZwDmQghh1n6VytQUZWNPwWN,3781
2021-2,tz1Ywgcavxq9D6hL32Q2AQWHAux9MrWqGoZC,837
2021-2,tz1dXCHSN8uwnappk4uet1WQeuvbaJog4Jwi,2225
2021-2,tz1e4N6UZzrjoxKbsJoLnxuBy6DfZu4voiTV,3677
2021-2,tz1TDSi2iE2pAzvTAXKq6raSbDuPiShh5wgu,912
2021-2,tz1iVCqjMRG7MfBoFnVjbLQyeLAeJQfLxXze,1387
2021-2,tz1TDSahjxEYPazcsrzxyX2gHqTzFvkcwUrP,922
2021-2,tz1LonSbajvsh48sEp35EHrYNAWi6hUXz1vX,763
2021-2,tz1c9HEyZdAWXZCLE7h3KcZCyykjZr7VY3QM,848
2021-2,tz1ch7nvDDAchbAPfTio3yBsdvN1SZJZj1wY,1185
2021-2,tz1fishChEERnSesm8mHe7xsJJwymbHVLcYf,2415
2021-2,tz1RV1MBbZMR68tacosb7Mwj6LkbPSUS1er1,689
2021-2,tz1LsnEuv4fLsgxU9HJK21v8zHwcuBjb99Cd,896
2021-2,tz1TDS7BsNWczhiq1qGGfDxioY2d2WQxvahe,923
2021-2,tz1TDSDUUe2Pc5UqR7ZKmyS5URaL6EdtEh1b,917
2021-2,tz1NcoDFXMAfB26mpBhVrdSHmppyTeccT6Fi,1350
2021-2,tz1W1en9UpMCH4ZJL8wQCh8JDKCZARyVx2co,22546
2021-2,tz1VCP3MQdfxtRc83CRJZX43wc1oZUxb6KmH,746
2021-2,tz1hTJnYMKSDUv55yREM8ezmC5nsdbPUWao7,535
2021-2,tz1TDSLd4eMT7QSwKfw4wB3ua4UoVuayJJo5,911
2021-2,tz1cNARmnRRrvZgspPr2rSTUWq5xtGTuKuHY,2441
2021-2,tz1SYq214SCBy9naR6cvycQsYcUGpBqQAE8d,1516
2021-2,tz1acsihTQWHEnxxNz7EEsBDLMTztoZQE9SW,1301
2021-2,tz1VTcr81kqzeskt6DX9Jd1xTRahJtAttj1Z,506
2021-2,tz1TDS3hdLzjpCDF4C8eA6xgW23WZKjLyM8t,927
2021-2,tz1dPMpQ4zEgdngrPbwywAowzfbandTQ1dDK,834
2021-2,tz1Mzpyj3Ebut8oJ38uvzm9eaZQtSTryC3Kx,71180
2021-2,tz1TDSJ2F9x7m7FfwZDxtqevRJK7xfFi5XUo,921
2021-2,tz1TDSR4jhfb1LHeusVGMRBjZaLH6xAQWMfG,927
2021-2,tz1UQvdfQ2cwyDa6k6U62mkHWeULwBqCcJwN,768
2021-2,tz1NAozDvi5e7frVq9cUaC3uXQQannemB8Jw,851
2021-2,tz1TDSjPFStYcD8cr4JyWyyqwBt1M9WARvme,911
2021-2,tz1bDXD6nNSrebqmAnnKKwnX1QdePSMCj4MX,1783
2021-2,tz1SGrdsM2EDo7juLo1U3vg2FoMekpkpDJLX,616
2021-2,tz1g4o4a2wxpzJ7EgG3onFM5TLaPyiRFjFhL,776
2021-2,tz1XTZM55hF7g98CzY88MXWhmK8QioGXHtuY,1461
2021-2,tz1MXjdb684ByEP5qUn5J7EMub7Sr8eBziDe,1350
2021-2,tz1TDSN5XSVRFSLsQVUHdzBKvYkPRrFySpRJ,910
2021-2,tz1TDSNJcq2sKtxjRBdMoqkr72yaVWFJiTrN,922
2021-2,tz1gNjyzyT8L6WgNS4AdNMppsSFw76J4aDvT,3659
2021-2,tz1iuZ76cLaaca8Dh4soYEHjYeVb5vHmmP5Z,506
2021-2,tz1Tnr7CDL5i45EHSPpPReBocDiGbMwpdTCn,1079
2021-2,tz1MRssJTFokjJ4WHAY63wFTufQ8qpxZJtvU,767
2021-2,tz1MdSsDBG8k8q1pxZrdpSC2Aw49ukFs8ACy,1564
2021-2,tz2LKitkzuQko37bKETuXUSmFkgCfx1Huvmp,1879
2021-2,tz1c2yBQNrofzKvKLouC9TqHELSnh64fm8dn,1202
2021-2,tz1LnHsA2wpn7guf8b7xzX2i5zNKRQoRQVgJ,3620
2021-2,tz1bDhCGNZLQw1QXgf6MCzo6EtAVSGkqEB11,1327
2021-2,tz1SUREnFpoXFfEm2ikWSBFY4n6ivf13hp8Q,1288
2021-2,tz1TDSxFVDJhi2kttgM45PmhkpWRzfhqAozy,908
2021-2,tz1TDSWesFo3EAzSUEyYJosdP9hRbDxk94Ua,904
2021-2,tz1dbfppLAAxXZNtf2SDps7rch3qfUznKSoK,720
2021-2,tz1Vs2z88hHRnFLss81M7dXHnbwhZNMDrSgD,3574
2021-2,tz1Pm31zkj5tryYwhuqE7hhzYnULzrA5g5cf,1457
2021-2,tz1Zrqm4TkJwqTxm5TiyVFh6taXG4Wrq7tko,1581
2021-2,tz1TDShnpCSsLVJkBW29wNetEFFYeeNxMSVf,917
2021-3,tz1LnHsA2wpn7guf8b7xzX2i5zNKRQoRQVgJ,2883
2021-3,tz1gNjyzyT8L6WgNS4AdNMppsSFw76J4aDvT,2910
2021-3,tz1NAozDvi5e7frVq9cUaC3uXQQannemB8Jw,1553
2021-3,tz1MdSsDBG8k8q1pxZrdpSC2Aw49ukFs8ACy,1404
2021-3,tz1dXCHSN8uwnappk4uet1WQeuvbaJog4Jwi,2312
2021-3,tz1MoonPbyMJSqMVsVwExgVc5egnv18CgSDq,1630
2021-3,tz1c9HEyZdAWXZCLE7h3KcZCyykjZr7VY3QM,920
2021-3,tz1MRssJTFokjJ4WHAY63wFTufQ8qpxZJtvU,1065
2021-3,tz1iVCqjMRG7MfBoFnVjbLQyeLAeJQfLxXze,1175
2021-3,tz1Ywgcavxq9D6hL32Q2AQWHAux9MrWqGoZC,877
2021-3,tz1UQvdfQ2cwyDa6k6U62mkHWeULwBqCcJwN,545
2021-3,tz1fRAiiDUxnXZwDmQghh1n6VytQUZWNPwWN,3292
2021-3,tz1XTZM55hF7g98CzY88MXWhmK8QioGXHtuY,1458
2021-3,tz1TDS3hdLzjpCDF4C8eA6xgW23WZKjLyM8t,835
2021-3,tz1TDSjPFStYcD8cr4JyWyyqwBt1M9WARvme,836
2021-3,tz1TDSLd4eMT7QSwKfw4wB3ua4UoVuayJJo5,844
2021-3,tz1bDXD6nNSrebqmAnnKKwnX1QdePSMCj4MX,1501
2021-3,tz1Zrqm4TkJwqTxm5TiyVFh6taXG4Wrq7tko,1531
2021-3,tz1SiPXX4MYGNJNDsRc7n8hkvUqFzg8xqF9m,15046
2021-3,tz1cNARmnRRrvZgspPr2rSTUWq5xtGTuKuHY,2434
2021-3,tz1Vs2z88hHRnFLss81M7dXHnbwhZNMDrSgD,2929
2021-3,tz1RV1MBbZMR68tacosb7Mwj6LkbPSUS1er1,782
2021-3,tz1TDSDUUe2Pc5UqR7ZKmyS5URaL6EdtEh1b,859
2021-3,tz1TDShnpCSsLVJkBW29wNetEFFYeeNxMSVf,830
2021-3,tz1TDSxFVDJhi2kttgM45PmhkpWRzfhqAozy,838
2021-3,tz1SGrdsM2EDo7juLo1U3vg2FoMekpkpDJLX,581
2021-3,tz1c2yBQNrofzKvKLouC9TqHELSnh64fm8dn,1602
2021-3,tz1Pm31zkj5tryYwhuqE7hhzYnULzrA5g5cf,1284
2021-3,tz1g4o4a2wxpzJ7EgG3onFM5TLaPyiRFjFhL,1011
2021-3,tz1e4N6UZzrjoxKbsJoLnxuBy6DfZu4voiTV,2931
2021-3,tz1TDSR4jhfb1LHeusVGMRBjZaLH6xAQWMfG,843
2021-3,tz1VCP3MQdfxtRc83CRJZX43wc1oZUxb6KmH,854
2021-3,tz1Y2rhY9nBKfd2jp7m4z8iAMKKARWS3BvFA,507
2021-3,tz1fishChEERnSesm8mHe7xsJJwymbHVLcYf,2526
2021-3,tz1LonSbajvsh48sEp35EHrYNAWi6hUXz1vX,759
2021-3,tz1TDSahjxEYPazcsrzxyX2gHqTzFvkcwUrP,835
2021-3,tz1SYq214SCBy9naR6cvycQsYcUGpBqQAE8d,1689
2021-3,tz1TDSJ2F9x7m7FfwZDxtqevRJK7xfFi5XUo,844
2021-3,tz1TDS7BsNWczhiq1qGGfDxioY2d2WQxvahe,840
2021-3,tz1Mzpyj3Ebut8oJ38uvzm9eaZQtSTryC3Kx,37650
2021-3,tz1VTcr81kqzeskt6DX9Jd1xTRahJtAttj1Z,561
2021-3,tz1acsihTQWHEnxxNz7EEsBDLMTztoZQE9SW,1334
2021-3,tz1TDSi2iE2pAzvTAXKq6raSbDuPiShh5wgu,850
2021-3,tz1NcoDFXMAfB26mpBhVrdSHmppyTeccT6Fi,1121
2021-3,tz1LsnEuv4fLsgxU9HJK21v8zHwcuBjb99Cd,919
2021-3,tz1dbfppLAAxXZNtf2SDps7rch3qfUznKSoK,716
2021-3,tz1W1en9UpMCH4ZJL8wQCh8JDKCZARyVx2co,28683
2021-3,tz1dPMpQ4zEgdngrPbwywAowzfbandTQ1dDK,526
2021-3,KT1Hkg5qeNhfwpKW4fXvq7HGZB9z2EnmCCA9,1460
2021-3,tz1bDhCGNZLQw1QXgf6MCzo6EtAVSGkqEB11,1176
2021-3,tz1MXjdb684ByEP5qUn5J7EMub7Sr8eBziDe,1128
2021-3,tz3adcvQaKXTCg12zbninqo3q8ptKKtDFTLv,542
2021-3,tz1ch7nvDDAchbAPfTio3yBsdvN1SZJZj1wY,1186
2021-3,tz1TDSNJcq2sKtxjRBdMoqkr72yaVWFJiTrN,856
2021-3,tz2LKitkzuQko37bKETuXUSmFkgCfx1Huvmp,2200
2021-3,tz1TDSN5XSVRFSLsQVUHdzBKvYkPRrFySpRJ,837
2021-3,tz1Tnr7CDL5i45EHSPpPReBocDiGbMwpdTCn,2458
2021-3,tz1Z7eWGw18LqUgRqmDqNZFQx7f8GEHXRfT8,1145
2021-3,tz1TDSWesFo3EAzSUEyYJosdP9hRbDxk94Ua,861
2021-4,tz3UiSBwx8dFjp948nEyQ7kbxiTqQkRyGwQv,1976
2021-4,tz1TDSjPFStYcD8cr4JyWyyqwBt1M9WARvme,1071
2021-4,tz1LsnEuv4fLsgxU9HJK21v8zHwcuBjb99Cd,924
2021-4,KT1Qm3urGqkRsWsovGzNb2R81c3dSfxpteHG,503
2021-4,tz1XFMUQwMMcJ1bMyZMMbuPyH71gEAjVDh4V,505
2021-4,tz1TDSi2iE2pAzvTAXKq6raSbDuPiShh5wgu,1057
2021-4,tz1TDSR4jhfb1LHeusVGMRBjZaLH6xAQWMfG,1064
2021-4,tz1VTcr81kqzeskt6DX9Jd1xTRahJtAttj1Z,530
2021-4,tz1VCP3MQdfxtRc83CRJZX43wc1oZUxb6KmH,827
2021-4,tz1TDSN5XSVRFSLsQVUHdzBKvYkPRrFySpRJ,1064
2021-4,tz2LKitkzuQko37bKETuXUSmFkgCfx1Huvmp,1699
2021-4,tz1c9HEyZdAWXZCLE7h3KcZCyykjZr7VY3QM,778
2021-4,tz1bDhCGNZLQw1QXgf6MCzo6EtAVSGkqEB11,1831
2021-4,KT1QxLqukyfohPV5kPkw97Rs6cw1DDDvYgbB,589
2021-4,tz1NcoDFXMAfB26mpBhVrdSHmppyTeccT6Fi,1774
2021-4,tz1YrmJw6Lje27gWqZ94gU9mNavEjkHu1xGc,523
2021-4,tz1fRAiiDUxnXZwDmQghh1n6VytQUZWNPwWN,2845
2021-4,KT1Hkg5qeNhfwpKW4fXvq7HGZB9z2EnmCCA9,4058
2021-4,tz1TDSxFVDJhi2kttgM45PmhkpWRzfhqAozy,1068
2021-4,tz1RV1MBbZMR68tacosb7Mwj6LkbPSUS1er1,849
2021-4,tz1SGrdsM2EDo7juLo1U3vg2FoMekpkpDJLX,850
2021-4,tz1Y2rhY9nBKfd2jp7m4z8iAMKKARWS3BvFA,523
2021-4,tz1aJ34EpQnBV3gwPwFbSs2TB6WbdbFTzto8,683
2021-4,tz1ch7nvDDAchbAPfTio3yBsdvN1SZJZj1wY,1451
2021-4,tz1VLEq23Acf9Zp6xi3CxC4LNHuVjKf6LyZv,533
2021-4,tz1bDXD6nNSrebqmAnnKKwnX1QdePSMCj4MX,1919
2021-4,tz1TDSNJcq2sKtxjRBdMoqkr72yaVWFJiTrN,1063
2021-4,tz1iuZ76cLaaca8Dh4soYEHjYeVb5vHmmP5Z,505
2021-4,tz1SYq214SCBy9naR6cvycQsYcUGpBqQAE8d,1742
2021-4,tz1g4o4a2wxpzJ7EgG3onFM5TLaPyiRFjFhL,880
2021-4,tz1TDS7BsNWczhiq1qGGfDxioY2d2WQxvahe,1073
2021-4,tz1NAozDvi5e7frVq9cUaC3uXQQannemB8Jw,1341
2021-4,tz1iVCqjMRG7MfBoFnVjbLQyeLAeJQfLxXze,901
2021-4,tz1Mzpyj3Ebut8oJ38uvzm9eaZQtSTryC3Kx,57021
2021-4,tz1Pm31zkj5tryYwhuqE7hhzYnULzrA5g5cf,1711
2021-4,tz1Zrqm4TkJwqTxm5TiyVFh6taXG4Wrq7tko,1387
2021-4,tz1e4N6UZzrjoxKbsJoLnxuBy6DfZu4voiTV,4034
2021-4,tz1W1en9UpMCH4ZJL8wQCh8JDKCZARyVx2co,32658
2021-4,tz1TDSDUUe2Pc5UqR7ZKmyS5URaL6EdtEh1b,1075
2021-4,tz1MXjdb684ByEP5qUn5J7EMub7Sr8eBziDe,1760
2021-4,tz1LnHsA2wpn7guf8b7xzX2i5zNKRQoRQVgJ,4085
2021-4,tz1fishChEERnSesm8mHe7xsJJwymbHVLcYf,2753
2021-4,tz1c2yBQNrofzKvKLouC9TqHELSnh64fm8dn,2396
2021-4,tz1MRssJTFokjJ4WHAY63wFTufQ8qpxZJtvU,1288
2021-4,tz1dbfppLAAxXZNtf2SDps7rch3qfUznKSoK,728
2021-4,tz1TDSWesFo3EAzSUEyYJosdP9hRbDxk94Ua,1055
2021-4,tz1TDShnpCSsLVJkBW29wNetEFFYeeNxMSVf,1072
2021-4,tz1XTZM55hF7g98CzY88MXWhmK8QioGXHtuY,1495
2021-4,tz1Tnr7CDL5i45EHSPpPReBocDiGbMwpdTCn,3437
2021-4,tz1SiPXX4MYGNJNDsRc7n8hkvUqFzg8xqF9m,19933
2021-4,tz1gNjyzyT8L6WgNS4AdNMppsSFw76J4aDvT,4004
2021-4,tz1dXCHSN8uwnappk4uet1WQeuvbaJog4Jwi,2356
2021-4,tz1MoonPbyMJSqMVsVwExgVc5egnv18CgSDq,1520
2021-4,tz1TDSJ2F9x7m7FfwZDxtqevRJK7xfFi5XUo,1063
2021-4,tz1TDSLd4eMT7QSwKfw4wB3ua4UoVuayJJo5,1058
2021-4,tz1MdSsDBG8k8q1pxZrdpSC2Aw49ukFs8ACy,1301
2021-4,tz3adcvQaKXTCg12zbninqo3q8ptKKtDFTLv,522
2021-4,tz1cNARmnRRrvZgspPr2rSTUWq5xtGTuKuHY,2303
2021-4,tz1Z7eWGw18LqUgRqmDqNZFQx7f8GEHXRfT8,1759
2021-4,tz1LonSbajvsh48sEp35EHrYNAWi6hUXz1vX,754
2021-4,tz1Vs2z88hHRnFLss81M7dXHnbwhZNMDrSgD,3992
2021-4,tz1Ywgcavxq9D6hL32Q2AQWHAux9MrWqGoZC,891
2021-4,tz1TDSahjxEYPazcsrzxyX2gHqTzFvkcwUrP,1064
2021-4,tz1TDS3hdLzjpCDF4C8eA6xgW23WZKjLyM8t,1066
2021-4,tz1acsihTQWHEnxxNz7EEsBDLMTztoZQE9SW,1294
2021-4,tz3MK7dMNgrXPPA3yYY9qAa879ZxFus7GHQh,2258
2021-5,tz1SYq214SCBy9naR6cvycQsYcUGpBqQAE8d,1615
2021-5,tz1LnHsA2wpn7guf8b7xzX2i5zNKRQoRQVgJ,4069
2021-5,tz3adcvQaKXTCg12zbninqo3q8ptKKtDFTLv,530
2021-5,tz1TDSahjxEYPazcsrzxyX2gHqTzFvkcwUrP,788
2021-5,tz1MoonPbyMJSqMVsVwExgVc5egnv18CgSDq,2235
2021-5,tz1TDSDUUe2Pc5UqR7ZKmyS5URaL6EdtEh1b,817
2021-5,tz1TDSWesFo3EAzSUEyYJosdP9hRbDxk94Ua,798
2021-5,tz1SGrdsM2EDo7juLo1U3vg2FoMekpkpDJLX,865
2021-5,tz1NcoDFXMAfB26mpBhVrdSHmppyTeccT6Fi,1905
2021-5,tz1iVCqjMRG7MfBoFnVjbLQyeLAeJQfLxXze,803
2021-5,tz1c9HEyZdAWXZCLE7h3KcZCyykjZr7VY3QM,721
2021-5,tz1Zrqm4TkJwqTxm5TiyVFh6taXG4Wrq7tko,1363
2021-5,tz2LKitkzuQko37bKETuXUSmFkgCfx1Huvmp,957
2021-5,tz1Mzpyj3Ebut8oJ38uvzm9eaZQtSTryC3Kx,54944
2021-5,tz1MXjdb684ByEP5qUn5J7EMub7Sr8eBziDe,1782
2021-5,tz1MRssJTFokjJ4WHAY63wFTufQ8qpxZJtvU,691
2021-5,tz1e4N6UZzrjoxKbsJoLnxuBy6DfZu4voiTV,4094
2021-5,tz1TDSR4jhfb1LHeusVGMRBjZaLH6xAQWMfG,794
2021-5,tz1TDS3hdLzjpCDF4C8eA6xgW23WZKjLyM8t,783
2021-5,KT1Hkg5qeNhfwpKW4fXvq7HGZB9z2EnmCCA9,7174
2021-5,tz1SiPXX4MYGNJNDsRc7n8hkvUqFzg8xqF9m,17897
2021-5,tz1Z7eWGw18LqUgRqmDqNZFQx7f8GEHXRfT8,1827
2021-5,tz1LonSbajvsh48sEp35EHrYNAWi6hUXz1vX,760
2021-5,tz1c2yBQNrofzKvKLouC9TqHELSnh64fm8dn,933
2021-5,tz1TDS7BsNWczhiq1qGGfDxioY2d2WQxvahe,780
2021-5,tz1W1en9UpMCH4ZJL8wQCh8JDKCZARyVx2co,36270
2021-5,tz1g4o4a2wxpzJ7EgG3onFM5TLaPyiRFjFhL,944
2021-5,tz1MdSsDBG8k8q1pxZrdpSC2Aw49ukFs8ACy,1222
2021-5,KT1RRgK6eXvCWCiEGWhRZCSVGzhDzwXEEjS4,535
2021-5,tz1bDXD6nNSrebqmAnnKKwnX1QdePSMCj4MX,1812
2021-5,tz1TDSxFVDJhi2kttgM45PmhkpWRzfhqAozy,788
2021-5,tz1TDSjPFStYcD8cr4JyWyyqwBt1M9WARvme,789
2021-5,KT1K4EwTpbvYN9agJdjpyJm4ZZdhpUNKB3F6,956
2021-5,tz1fishChEERnSesm8mHe7xsJJwymbHVLcYf,2965
2021-5,tz1Vs2z88hHRnFLss81M7dXHnbwhZNMDrSgD,4168
2021-5,tz1M8U9MNBPt3gwogzvNqaF5L8tkwWgAFBUF,1925
2021-5,tz1TDSNJcq2sKtxjRBdMoqkr72yaVWFJiTrN,802
2021-5,tz1TDShnpCSsLVJkBW29wNetEFFYeeNxMSVf,793
2021-5,tz1ch7nvDDAchbAPfTio3yBsdvN1SZJZj1wY,1540
2021-5,tz1bAjg8KhBjzRMuPbdLfC4EvETmdsuruynm,880
2021-5,tz1dXCHSN8uwnappk4uet1WQeuvbaJog4Jwi,2310
2021-5,tz1TDSi2iE2pAzvTAXKq6raSbDuPiShh5wgu,802
2021-5,tz1TDSN5XSVRFSLsQVUHdzBKvYkPRrFySpRJ,793
2021-5,tz1hjem5Rpf4KAVbwMLJet75TDb8HjAKnTYk,513
2021-5,tz1acsihTQWHEnxxNz7EEsBDLMTztoZQE9SW,1335
2021-5,tz1Y2rhY9nBKfd2jp7m4z8iAMKKARWS3BvFA,547
2021-5,tz1LsnEuv4fLsgxU9HJK21v8zHwcuBjb99Cd,937
2021-5,tz1iuZ76cLaaca8Dh4soYEHjYeVb5vHmmP5Z,509
2021-5,tz1cNARmnRRrvZgspPr2rSTUWq5xtGTuKuHY,2234
2021-5,tz1RV1MBbZMR68tacosb7Mwj6LkbPSUS1er1,877
2021-5,tz1fRAiiDUxnXZwDmQghh1n6VytQUZWNPwWN,3661
2021-5,tz1gNjyzyT8L6WgNS4AdNMppsSFw76J4aDvT,4162
2021-5,KT1QxLqukyfohPV5kPkw97Rs6cw1DDDvYgbB,1241
2021-5,tz1bDhCGNZLQw1QXgf6MCzo6EtAVSGkqEB11,1738
2021-5,tz1TDSJ2F9x7m7FfwZDxtqevRJK7xfFi5XUo,789
2021-5,tz1TDSLd4eMT7QSwKfw4wB3ua4UoVuayJJo5,805
2021-5,tz1Pm31zkj5tryYwhuqE7hhzYnULzrA5g5cf,1809
2021-5,tz1dbfppLAAxXZNtf2SDps7rch3qfUznKSoK,753
2021-5,tz1VCP3MQdfxtRc83CRJZX43wc1oZUxb6KmH,1062
2021-5,tz1Ywgcavxq9D6hL32Q2AQWHAux9MrWqGoZC,1004
2021-5,tz1XwJTLycM7mfDNamzsh2y7TdsnNTwZiDAa,1918
2021-5,tz1XTZM55hF7g98CzY88MXWhmK8QioGXHtuY,1495
2021-5,tz1NAozDvi5e7frVq9cUaC3uXQQannemB8Jw,1487
2021-5,tz1Tnr7CDL5i45EHSPpPReBocDiGbMwpdTCn,4406
2021-6,KT1Hkg5qeNhfwpKW4fXvq7HGZB9z2EnmCCA9,7922
2021-6,tz1NAozDvi5e7frVq9cUaC3uXQQannemB8Jw,1708
2021-6,tz1g4o4a2wxpzJ7EgG3onFM5TLaPyiRFjFhL,913
2021-6,tz1acsihTQWHEnxxNz7EEsBDLMTztoZQE9SW,1304
2021-6,tz1TDSi2iE2pAzvTAXKq6raSbDuPiShh5wgu,713
2021-6,tz1TDS7BsNWczhiq1qGGfDxioY2d2WQxvahe,715
2021-6,tz1TDShnpCSsLVJkBW29wNetEFFYeeNxMSVf,720
2021-6,KT1EpGgjQs73QfFJs9z7m1Mxm5MTnpC2tqse,655
2021-6,tz1TDSJ2F9x7m7FfwZDxtqevRJK7xfFi5XUo,717
2021-6,tz1TDSR4jhfb1LHeusVGMRBjZaLH6xAQWMfG,714
2021-6,tz1Ywgcavxq9D6hL32Q2AQWHAux9MrWqGoZC,1017
2021-6,tz1e4N6UZzrjoxKbsJoLnxuBy6DfZu4voiTV,2585
2021-6,tz1iVCqjMRG7MfBoFnVjbLQyeLAeJQfLxXze,756
2021-6,tz1c9HEyZdAWXZCLE7h3KcZCyykjZr7VY3QM,688
2021-6,tz1TDSN5XSVRFSLsQVUHdzBKvYkPRrFySpRJ,721
2021-6,tz1RV1MBbZMR68tacosb7Mwj6LkbPSUS1er1,909
2021-6,KT1X1LgNkQShpF9nRLYw3Dgdy4qp38MX617z,1761
2021-6,KT1J3wTYb4xk5BsSBkg6ML55bX1xq7desS34,907
2021-6,tz1TDSDUUe2Pc5UqR7ZKmyS5URaL6EdtEh1b,729
2021-6,tz1MRssJTFokjJ4WHAY63wFTufQ8qpxZJtvU,763
2021-6,tz1SGrdsM2EDo7juLo1U3vg2FoMekpkpDJLX,556
2021-6,tz1TDSNJcq2sKtxjRBdMoqkr72yaVWFJiTrN,713
2021-6,tz1iuZ76cLaaca8Dh4soYEHjYeVb5vHmmP5Z,522
2021-6,tz1Z7eWGw18LqUgRqmDqNZFQx7f8GEHXRfT8,890
2021-6,tz1NcoDFXMAfB26mpBhVrdSHmppyTeccT6Fi,860
2021-6,KT1QxLqukyfohPV5kPkw97Rs6cw1DDDvYgbB,1276
2021-6,tz1bDXD6nNSrebqmAnnKKwnX1QdePSMCj4MX,1190
2021-6,tz1LsnEuv4fLsgxU9HJK21v8zHwcuBjb99Cd,968
2021-6,tz1XTZM55hF7g98CzY88MXWhmK8QioGXHtuY,1491
2021-6,tz1SiPXX4MYGNJNDsRc7n8hkvUqFzg8xqF9m,9481
2021-6,tz1SYq214SCBy9naR6cvycQsYcUGpBqQAE8d,1206
2021-6,tz1VCP3MQdfxtRc83CRJZX43wc1oZUxb6KmH,1362
2021-6,tz1MXjdb684ByEP5qUn5J7EMub7Sr8eBziDe,890
2021-6,tz1Y2rhY9nBKfd2jp7m4z8iAMKKARWS3BvFA,577
2021-6,tz1dbfppLAAxXZNtf2SDps7rch3qfUznKSoK,747
2021-6,tz1Pm31zkj5tryYwhuqE7hhzYnULzrA5g5cf,1147
2021-6,tz1MoonPbyMJSqMVsVwExgVc5egnv18CgSDq,1563
2021-6,tz1TDSLd4eMT7QSwKfw4wB3ua4UoVuayJJo5,714
2021-6,tz1Mzpyj3Ebut8oJ38uvzm9eaZQtSTryC3Kx,21120
2021-6,tz1fRAiiDUxnXZwDmQghh1n6VytQUZWNPwWN,3527
2021-6,tz1Zrqm4TkJwqTxm5TiyVFh6taXG4Wrq7tko,1304
2021-6,tz1TDSxFVDJhi2kttgM45PmhkpWRzfhqAozy,713
2021-6,tz1M8U9MNBPt3gwogzvNqaF5L8tkwWgAFBUF,1579
2021-6,tz1TDS3hdLzjpCDF4C8eA6xgW23WZKjLyM8t,722
2021-6,tz1TDSahjxEYPazcsrzxyX2gHqTzFvkcwUrP,720
2021-6,tz1LnHsA2wpn7guf8b7xzX2i5zNKRQoRQVgJ,2633
2021-6,tz1XwJTLycM7mfDNamzsh2y7TdsnNTwZiDAa,1635
2021-6,tz1W1en9UpMCH4ZJL8wQCh8JDKCZARyVx2co,40080
2021-6,tz1fishChEERnSesm8mHe7xsJJwymbHVLcYf,3481
2021-6,tz1Tnr7CDL5i45EHSPpPReBocDiGbMwpdTCn,5521
2021-6,tz1MdSsDBG8k8q1pxZrdpSC2Aw49ukFs8ACy,1154
2021-6,KT1FG63hhFtMEEEtmBSX2vuFmP87t9E7Ab4t,605
2021-6,tz1bDhCGNZLQw1QXgf6MCzo6EtAVSGkqEB11,896
2021-6,tz1ch7nvDDAchbAPfTio3yBsdvN1SZJZj1wY,994
2021-6,KT1RRgK6eXvCWCiEGWhRZCSVGzhDzwXEEjS4,587
2021-6,tz1TDSjPFStYcD8cr4JyWyyqwBt1M9WARvme,722
2021-6,tz1TDSWesFo3EAzSUEyYJosdP9hRbDxk94Ua,703
2021-6,tz1Vs2z88hHRnFLss81M7dXHnbwhZNMDrSgD,2615
2021-6,tz1gNjyzyT8L6WgNS4AdNMppsSFw76J4aDvT,2563
2021-6,tz1bAjg8KhBjzRMuPbdLfC4EvETmdsuruynm,648
2021-6,tz1LonSbajvsh48sEp35EHrYNAWi6hUXz1vX,770
2021-7,tz1XwJTLycM7mfDNamzsh2y7TdsnNTwZiDAa,1608
2021-7,tz1bDXD6nNSrebqmAnnKKwnX1QdePSMCj4MX,881
2021-7,tz1bDhCGNZLQw1QXgf6MCzo6EtAVSGkqEB11,656
2021-7,tz1Tnr7CDL5i45EHSPpPReBocDiGbMwpdTCn,5180
2021-7,tz1SebuhdgF39y5JGVKx4k9i2aj99VDG6eST,793
2021-7,tz1TDSjPFStYcD8cr4JyWyyqwBt1M9WARvme,794
2021-7,KT1J3wTYb4xk5BsSBkg6ML55bX1xq7desS34,1448
2021-7,tz1TDSJ2F9x7m7FfwZDxtqevRJK7xfFi5XUo,791
2021-7,tz1MoonPbyMJSqMVsVwExgVc5egnv18CgSDq,1565
2021-7,tz1gNjyzyT8L6WgNS4AdNMppsSFw76J4aDvT,2032
2021-7,tz1e4N6UZzrjoxKbsJoLnxuBy6DfZu4voiTV,2042
2021-7,tz1iVCqjMRG7MfBoFnVjbLQyeLAeJQfLxXze,704
2021-7,tz1TDSahjxEYPazcsrzxyX2gHqTzFvkcwUrP,787
2021-7,tz1TDSNJcq2sKtxjRBdMoqkr72yaVWFJiTrN,782
2021-7,tz1acsihTQWHEnxxNz7EEsBDLMTztoZQE9SW,1319
2021-7,tz1TDSDUUe2Pc5UqR7ZKmyS5URaL6EdtEh1b,800
2021-7,tz1TDS7BsNWczhiq1qGGfDxioY2d2WQxvahe,794
2021-7,tz1iuZ76cLaaca8Dh4soYEHjYeVb5vHmmP5Z,533
2021-7,tz1SYq214SCBy9naR6cvycQsYcUGpBqQAE8d,1150
2021-7,KT1HbQepzV1nVGg8QVznG7z4RcHseD5kwqBn,4916
2021-7,tz1TDSi2iE2pAzvTAXKq6raSbDuPiShh5wgu,790
2021-7,tz1LsnEuv4fLsgxU9HJK21v8zHwcuBjb99Cd,987
2021-7,tz1M8U9MNBPt3gwogzvNqaF5L8tkwWgAFBUF,1554
2021-7,KT1DgbAE84xno2wdaEgeYpZkFZMs5fskAgP7,666
2021-7,tz1TDSN5XSVRFSLsQVUHdzBKvYkPRrFySpRJ,795
2021-7,tz1MdSsDBG8k8q1pxZrdpSC2Aw49ukFs8ACy,1128
2021-7,tz1fishChEERnSesm8mHe7xsJJwymbHVLcYf,3822
2021-7,tz1SiPXX4MYGNJNDsRc7n8hkvUqFzg8xqF9m,9118
2021-7,tz1NcoDFXMAfB26mpBhVrdSHmppyTeccT6Fi,632
2021-7,tz1fRAiiDUxnXZwDmQghh1n6VytQUZWNPwWN,2547
2021-7,tz1Zrqm4TkJwqTxm5TiyVFh6taXG4Wrq7tko,1375
2021-7,tz1TDSxFVDJhi2kttgM45PmhkpWRzfhqAozy,787
2021-7,KT1EpGgjQs73QfFJs9z7m1Mxm5MTnpC2tqse,1284
2021-7,tz1Vs2z88hHRnFLss81M7dXHnbwhZNMDrSgD,2005
2021-7,tz1ch7nvDDAchbAPfTio3yBsdvN1SZJZj1wY,768
2021-7,tz1W1en9UpMCH4ZJL8wQCh8JDKCZARyVx2co,42371
2021-7,KT1QxLqukyfohPV5kPkw97Rs6cw1DDDvYgbB,631
2021-7,tz1LJycSuCT25AA5VJwNW1QYXVGyy7YLwZh9,508
2021-7,tz1Z7eWGw18LqUgRqmDqNZFQx7f8GEHXRfT8,622
2021-7,tz1c9HEyZdAWXZCLE7h3KcZCyykjZr7VY3QM,689
2021-7,tz1NAozDvi5e7frVq9cUaC3uXQQannemB8Jw,1797
2021-7,tz1MXjdb684ByEP5qUn5J7EMub7Sr8eBziDe,662
2021-7,tz1Y2rhY9nBKfd2jp7m4z8iAMKKARWS3BvFA,610
2021-7,tz1Ywgcavxq9D6hL32Q2AQWHAux9MrWqGoZC,1015
2021-7,tz1dbfppLAAxXZNtf2SDps7rch3qfUznKSoK,747
2021-7,tz1RV1MBbZMR68tacosb7Mwj6LkbPSUS1er1,950
2021-7,tz1TDS3hdLzjpCDF4C8eA6xgW23WZKjLyM8t,791
2021-7,tz1TDSR4jhfb1LHeusVGMRBjZaLH6xAQWMfG,781
2021-7,tz1TDShnpCSsLVJkBW29wNetEFFYeeNxMSVf,794
2021-7,KT1BgezWwHBxA9NrczwK9x3zfgFnUkc7JJ4b,607
2021-7,tz1Mzpyj3Ebut8oJ38uvzm9eaZQtSTryC3Kx,15646
2021-7,tz1LnHsA2wpn7guf8b7xzX2i5zNKRQoRQVgJ,2028
2021-7,tz1g4o4a2wxpzJ7EgG3onFM5TLaPyiRFjFhL,946
2021-7,KT1FvqJwEDWb1Gwc55Jd1jjTHRVWbYKUUpyq,1007
2021-7,tz1XTZM55hF7g98CzY88MXWhmK8QioGXHtuY,1560
2021-7,KT1X1LgNkQShpF9nRLYw3Dgdy4qp38MX617z,1629
2021-7,tz1TDSWesFo3EAzSUEyYJosdP9hRbDxk94Ua,783
2021-7,KT1KnuE87q1EKjPozJ5sRAjQA24FPsP57CE3,1262
2021-7,KT1FHiJmJUgZMPtv5F8M4ZEa6cb1D9Lf758T,514
2021-7,tz1Pm31zkj5tryYwhuqE7hhzYnULzrA5g5cf,917
2021-7,tz1VCP3MQdfxtRc83CRJZX43wc1oZUxb6KmH,1422
2021-7,tz1LonSbajvsh48sEp35EHrYNAWi6hUXz1vX,802
2021-7,KT1Gdix8LoDoQng7YqdPNhdP5V7JRX8FqWvM,578
2021-7,tz1SGrdsM2EDo7juLo1U3vg2FoMekpkpDJLX,552
2021-7,tz1TDSLd4eMT7QSwKfw4wB3ua4UoVuayJJo5,789
2021-8,tz1bDXD6nNSrebqmAnnKKwnX1QdePSMCj4MX,832
2021-8,tz1c9HEyZdAWXZCLE7h3KcZCyykjZr7VY3QM,678
2021-8,tz1TDS3hdLzjpCDF4C8eA6xgW23WZKjLyM8t,650
2021-8,tz1W1en9UpMCH4ZJL8wQCh8JDKCZARyVx2co,43589
2021-8,tz1Zrqm4TkJwqTxm5TiyVFh6taXG4Wrq7tko,1351
2021-8,KT1X3zxdTzPB9DgVzA3ad6dgZe9JEamoaeRy,2876
2021-8,KT1KnuE87q1EKjPozJ5sRAjQA24FPsP57CE3,1125
2021-8,tz1e4N6UZzrjoxKbsJoLnxuBy6DfZu4voiTV,1739
2021-8,tz1dbfppLAAxXZNtf2SDps7rch3qfUznKSoK,728
2021-8,tz1iuZ76cLaaca8Dh4soYEHjYeVb5vHmmP5Z,547
2021-8,tz1LsnEuv4fLsgxU9HJK21v8zHwcuBjb99Cd,999
2021-8,KT1HbQepzV1nVGg8QVznG7z4RcHseD5kwqBn,7313
2021-8,tz1SiPXX4MYGNJNDsRc7n8hkvUqFzg8xqF9m,10111
2021-8,tz1NAozDvi5e7frVq9cUaC3uXQQannemB8Jw,1814
2021-8,tz1Y2rhY9nBKfd2jp7m4z8iAMKKARWS3BvFA,608
2021-8,tz1TDShnpCSsLVJkBW29wNetEFFYeeNxMSVf,651
2021-8,tz1SYq214SCBy9naR6cvycQsYcUGpBqQAE8d,1079
2021-8,tz1gNjyzyT8L6WgNS4AdNMppsSFw76J4aDvT,1824
2021-8,tz1TDSLd4eMT7QSwKfw4wB3ua4UoVuayJJo5,653
2021-8,tz1TDSjPFStYcD8cr4JyWyyqwBt1M9WARvme,652
2021-8,tz1NcoDFXMAfB26mpBhVrdSHmppyTeccT6Fi,568
2021-8,tz1Vs2z88hHRnFLss81M7dXHnbwhZNMDrSgD,1739
2021-8,KT1X1LgNkQShpF9nRLYw3Dgdy4qp38MX617z,1591
2021-8,tz1bDhCGNZLQw1QXgf6MCzo6EtAVSGkqEB11,552
2021-8,tz1Ywgcavxq9D6hL32Q2AQWHAux9MrWqGoZC,919
2021-8,tz1TDSN5XSVRFSLsQVUHdzBKvYkPRrFySpRJ,650
2021-8,tz1TDSDUUe2Pc5UqR7ZKmyS5URaL6EdtEh1b,666
2021-8,tz1fishChEERnSesm8mHe7xsJJwymbHVLcYf,4089
2021-8,tz1XTZM55hF7g98CzY88MXWhmK8QioGXHtuY,1566
2021-8,KT1K4EwTpbvYN9agJdjpyJm4ZZdhpUNKB3F6,516
2021-8,tz1TDSahjxEYPazcsrzxyX2gHqTzFvkcwUrP,647
2021-8,tz1TDSJ2F9x7m7FfwZDxtqevRJK7xfFi5XUo,656
2021-8,tz1M8U9MNBPt3gwogzvNqaF5L8tkwWgAFBUF,1543
2021-8,tz1TDSNJcq2sKtxjRBdMoqkr72yaVWFJiTrN,650
2021-8,tz1YEF3iQydxFfcuGVnzUbt9N7ike6Yzvph8,2502
2021-8,tz1LonSbajvsh48sEp35EHrYNAWi6hUXz1vX,800
2021-8,tz1UxvDczuyHeExtocH5uuxGMqXcF8tDmYg9,2092
2021-8,tz1ch7nvDDAchbAPfTio3yBsdvN1SZJZj1wY,547
2021-8,KT1FvqJwEDWb1Gwc55Jd1jjTHRVWbYKUUpyq,611
2021-8,tz1RV1MBbZMR68tacosb7Mwj6LkbPSUS1er1,991
2021-8,tz1TDSWesFo3EAzSUEyYJosdP9hRbDxk94Ua,653
2021-8,tz1TDSi2iE2pAzvTAXKq6raSbDuPiShh5wgu,656
2021-8,tz1Mzpyj3Ebut8oJ38uvzm9eaZQtSTryC3Kx,16955
2021-8,KT1QxLqukyfohPV5kPkw97Rs6cw1DDDvYgbB,550
2021-8,tz1TDSxFVDJhi2kttgM45PmhkpWRzfhqAozy,649
2021-8,tz1Z7eWGw18LqUgRqmDqNZFQx7f8GEHXRfT8,590
2021-8,tz1SGrdsM2EDo7juLo1U3vg2FoMekpkpDJLX,729
2021-8,tz1MXjdb684ByEP5qUn5J7EMub7Sr8eBziDe,554
2021-8,KT1EpGgjQs73QfFJs9z7m1Mxm5MTnpC2tqse,702
2021-8,tz1MoonPbyMJSqMVsVwExgVc5egnv18CgSDq,1562
2021-8,tz1LnHsA2wpn7guf8b7xzX2i5zNKRQoRQVgJ,1821
2021-8,tz1SebuhdgF39y5JGVKx4k9i2aj99VDG6eST,684
2021-8,tz1g4o4a2wxpzJ7EgG3onFM5TLaPyiRFjFhL,876
2021-8,KT1KY2x1XrWykYd2dbBNXfE6tVUU3eYNB4wo,596
2021-8,tz1VQnqCCqX4K5sP3FNkVSNKTdCAMJDd3E1n,513
2021-8,tz1TDS7BsNWczhiq1qGGfDxioY2d2WQxvahe,651
2021-8,tz1fRAiiDUxnXZwDmQghh1n6VytQUZWNPwWN,2467
2021-8,tz1TDSR4jhfb1LHeusVGMRBjZaLH6xAQWMfG,654
2021-8,tz1Tnr7CDL5i45EHSPpPReBocDiGbMwpdTCn,4296
2021-8,tz1VCP3MQdfxtRc83CRJZX43wc1oZUxb6KmH,1551
2021-8,tz1iVCqjMRG7MfBoFnVjbLQyeLAeJQfLxXze,831
2021-8,tz1acsihTQWHEnxxNz7EEsBDLMTztoZQE9SW,1189
2021-8,tz1MdSsDBG8k8q1pxZrdpSC2Aw49ukFs8ACy,1114
2021-8,tz1Pm31zkj5tryYwhuqE7hhzYnULzrA5g5cf,841
2021-8,tz1XwJTLycM7mfDNamzsh2y7TdsnNTwZiDAa,1586
2021-9,tz1hTJnYMKSDUv55yREM8ezmC5nsdbPUWao7,510
2021-9,tz1Ywgcavxq9D6hL32Q2AQWHAux9MrWqGoZC,941
2021-9,tz1g4o4a2wxpzJ7EgG3onFM5TLaPyiRFjFhL,1032
2021-9,tz1aJ34EpQnBV3gwPwFbSs2TB6WbdbFTzto8,2273
2021-9,tz1gNjyzyT8L6WgNS4AdNMppsSFw76J4aDvT,4353
2021-9,KT1J3wTYb4xk5BsSBkg6ML55bX1xq7desS34,688
2021-9,tz1LonSbajvsh48sEp35EHrYNAWi6hUXz1vX,816
2021-9,KT1K4EwTpbvYN9agJdjpyJm4ZZdhpUNKB3F6,841
2021-9,tz1egoxWxfhwm94YrK5nB5BdyBjnEVm2kSzx,1014
2021-9,tz1WpH8peQDkYFhkuKw17KnrT4uWvAKKULwh,1590
2021-9,tz1W1en9UpMCH4ZJL8wQCh8JDKCZARyVx2co,46733
2021-9,tz1VQnqCCqX4K5sP3FNkVSNKTdCAMJDd3E1n,612
2021-9,KT1QxLqukyfohPV5kPkw97Rs6cw1DDDvYgbB,859
2021-9,KT1X1LgNkQShpF9nRLYw3Dgdy4qp38MX617z,2301
2021-9,tz1iVCqjMRG7MfBoFnVjbLQyeLAeJQfLxXze,982
2021-9,KT1Gdix8LoDoQng7YqdPNhdP5V7JRX8FqWvM,877
2021-9,tz1Zrqm4TkJwqTxm5TiyVFh6taXG4Wrq7tko,1385
2021-9,KT1EpGgjQs73QfFJs9z7m1Mxm5MTnpC2tqse,1412
2021-9,KT1XjcRq5MLAzMKQ3UHsrue2SeU2NbxUrzmU,1609
2021-9,tz1MRssJTFokjJ4WHAY63wFTufQ8qpxZJtvU,879
2021-9,tz1am2nmU1cJmoPViB6MDM6kQHU6LAivipay,621
2021-9,KT1KnuE87q1EKjPozJ5sRAjQA24FPsP57CE3,1166
2021-9,tz1bDXD6nNSrebqmAnnKKwnX1QdePSMCj4MX,1826
2021-9,tz1c9HEyZdAWXZCLE7h3KcZCyykjZr7VY3QM,722
2021-9,tz1fRAiiDUxnXZwDmQghh1n6VytQUZWNPwWN,2521
2021-9,tz1Mzpyj3Ebut8oJ38uvzm9eaZQtSTryC3Kx,63721
2021-9,tz1hjem5Rpf4KAVbwMLJet75TDb8HjAKnTYk,644
2021-9,KT1WxgZ1ZSfMgmsSDDcUn8Xn577HwnQ7e1Lb,824
2021-9,tz1dPMpQ4zEgdngrPbwywAowzfbandTQ1dDK,587
2021-9,KT1HbQepzV1nVGg8QVznG7z4RcHseD5kwqBn,14168
2021-9,tz1Vs2z88hHRnFLss81M7dXHnbwhZNMDrSgD,4300
2021-9,tz1LsnEuv4fLsgxU9HJK21v8zHwcuBjb99Cd,1035
2021-9,tz1XTZM55hF7g98CzY88MXWhmK8QioGXHtuY,1606
2021-9,tz1RV1MBbZMR68tacosb7Mwj6LkbPSUS1er1,1061
2021-9,tz1Y2rhY9nBKfd2jp7m4z8iAMKKARWS3BvFA,646
2021-9,tz1aAx4kKinngvm7RBEZsse31x45CmnzPRwV,652
2021-9,tz1Z7eWGw18LqUgRqmDqNZFQx7f8GEHXRfT8,1251
2021-9,tz1bDhCGNZLQw1QXgf6MCzo6EtAVSGkqEB11,1276
2021-9,tz1Pm31zkj5tryYwhuqE7hhzYnULzrA5g5cf,1964
2021-9,tz1VeaJWkdr2m5YaKFgeAafenhHhDcMxWfHC,672
2021-9,tz1acsihTQWHEnxxNz7EEsBDLMTztoZQE9SW,1301
2021-9,tz1dbfppLAAxXZNtf2SDps7rch3qfUznKSoK,834
2021-9,KT1U2hs5eNdeCpHouAvQXGMzGFGJowbhjqmo,502
2021-9,tz1VCP3MQdfxtRc83CRJZX43wc1oZUxb6KmH,1815
2021-9,tz2FqBRA1yPQLo4JXfMCT1dFWbFpFE4Tq3bm,839
2021-9,tz1grfW18aeMQ5kajyVxM7rewzXhWGLsXUtY,506
2021-9,tz1MoonPbyMJSqMVsVwExgVc5egnv18CgSDq,2311
2021-9,tz1MXjdb684ByEP5qUn5J7EMub7Sr8eBziDe,1303
2021-9,KT1FvqJwEDWb1Gwc55Jd1jjTHRVWbYKUUpyq,3943
2021-9,tz1SGrdsM2EDo7juLo1U3vg2FoMekpkpDJLX,2635
2021-9,tz1LnHsA2wpn7guf8b7xzX2i5zNKRQoRQVgJ,4260
2021-9,tz1XwJTLycM7mfDNamzsh2y7TdsnNTwZiDAa,1598
2021-9,tz1NcoDFXMAfB26mpBhVrdSHmppyTeccT6Fi,1310
2021-9,KT1X3zxdTzPB9DgVzA3ad6dgZe9JEamoaeRy,2982
2021-9,tz1MHDcPPMZsK9mPA8XwUSw5kNqoJG3pXJ2f,572
2021-9,KT1KY2x1XrWykYd2dbBNXfE6tVUU3eYNB4wo,1126
2021-9,tz1e4N6UZzrjoxKbsJoLnxuBy6DfZu4voiTV,4290
2021-9,tz1M8U9MNBPt3gwogzvNqaF5L8tkwWgAFBUF,1505
2021-9,tz1ch7nvDDAchbAPfTio3yBsdvN1SZJZj1wY,1145
2021-9,tz1MdSsDBG8k8q1pxZrdpSC2Aw49ukFs8ACy,1120
2021-9,tz1SiPXX4MYGNJNDsRc7n8hkvUqFzg8xqF9m,26249
2021-9,tz1SYq214SCBy9naR6cvycQsYcUGpBqQAE8d,1318
2021-9,tz1NAozDvi5e7frVq9cUaC3uXQQannemB8Jw,2015
2021-9,tz1Tnr7CDL5i45EHSPpPReBocDiGbMwpdTCn,4064
2021-9,tz1fishChEERnSesm8mHe7xsJJwymbHVLcYf,4650
2022-1,KT1XCoGnfupWk7Sp8536EfrxcP73LmT68Nyr,1249
2022-1,KT1X1LgNkQShpF9nRLYw3Dgdy4qp38MX617z,649
2022-1,KT1Xo5B7PNBAeynZPmca4bRh6LQow4og1Zb9,3672
2022-1,tz1bDhCGNZLQw1QXgf6MCzo6EtAVSGkqEB11,1087
2022-1,tz1iVCqjMRG7MfBoFnVjbLQyeLAeJQfLxXze,2062
2022-1,tz1MXjdb684ByEP5qUn5J7EMub7Sr8eBziDe,1130
2022-1,tz1hTJnYMKSDUv55yREM8ezmC5nsdbPUWao7,738
2022-1,KT1FvqJwEDWb1Gwc55Jd1jjTHRVWbYKUUpyq,18538
2022-1,KT1XjcRq5MLAzMKQ3UHsrue2SeU2NbxUrzmU,4305
2022-1,KT1X3zxdTzPB9DgVzA3ad6dgZe9JEamoaeRy,938
2022-1,KT1D9PA7tvuCe9XnDskd2F67XwdrT4ueqjGe,883
2022-1,tz1bDXD6nNSrebqmAnnKKwnX1QdePSMCj4MX,1445
2022-1,tz1bAjg8KhBjzRMuPbdLfC4EvETmdsuruynm,625
2022-1,tz1e4N6UZzrjoxKbsJoLnxuBy6DfZu4voiTV,3881
2022-1,tz1XTZM55hF7g98CzY88MXWhmK8QioGXHtuY,839
2022-1,tz2FqBRA1yPQLo4JXfMCT1dFWbFpFE4Tq3bm,1219
2022-1,tz1Xq26ADBLmeMvHd82s3Nxdst2RvvxYwWuZ,1228
2022-1,tz1Y2rhY9nBKfd2jp7m4z8iAMKKARWS3BvFA,980
2022-1,tz1c9HEyZdAWXZCLE7h3KcZCyykjZr7VY3QM,1062
2022-1,tz1W1en9UpMCH4ZJL8wQCh8JDKCZARyVx2co,52445
2022-1,KT1WxgZ1ZSfMgmsSDDcUn8Xn577HwnQ7e1Lb,907
2022-1,tz1NcoDFXMAfB26mpBhVrdSHmppyTeccT6Fi,1139
2022-1,KT1KnuE87q1EKjPozJ5sRAjQA24FPsP57CE3,645
2022-1,KT1UEKu6Bd6JXs9wUWubYQ1FjQcNK2Mbgrrj,990
2022-1,tz1grfW18aeMQ5kajyVxM7rewzXhWGLsXUtY,1012
2022-1,tz1LsnEuv4fLsgxU9HJK21v8zHwcuBjb99Cd,1060
2022-1,tz1SYq214SCBy9naR6cvycQsYcUGpBqQAE8d,1191
2022-1,tz1gNjyzyT8L6WgNS4AdNMppsSFw76J4aDvT,3905
2022-1,tz1XwJTLycM7mfDNamzsh2y7TdsnNTwZiDAa,1892
2022-1,tz1fRAiiDUxnXZwDmQghh1n6VytQUZWNPwWN,2536
2022-1,tz1VCP3MQdfxtRc83CRJZX43wc1oZUxb6KmH,2284
2022-1,tz1MdSsDBG8k8q1pxZrdpSC2Aw49ukFs8ACy,1020
2022-1,tz1LnHsA2wpn7guf8b7xzX2i5zNKRQoRQVgJ,4039
2022-1,tz1Z7eWGw18LqUgRqmDqNZFQx7f8GEHXRfT8,1104
2022-1,KT1K4EwTpbvYN9agJdjpyJm4ZZdhpUNKB3F6,1830
2022-1,tz1LonSbajvsh48sEp35EHrYNAWi6hUXz1vX,1231
2022-1,tz1ishhN8DcGqmqurJ3aZqxXCnFM49x8vT3F,1249
2022-1,KT1GyRAJNdizF1nojQz62uGYkx8WFRUJm9X5,1082
2022-1,tz1SiPXX4MYGNJNDsRc7n8hkvUqFzg8xqF9m,17859
2022-1,tz1Xs1sGyKEKHt1anVWkd7ov2qNufFLMrFrE,16200
2022-1,tz1acsihTQWHEnxxNz7EEsBDLMTztoZQE9SW,1432
2022-1,tz1RV1MBbZMR68tacosb7Mwj6LkbPSUS1er1,1308
2022-1,tz1hjem5Rpf4KAVbwMLJet75TDb8HjAKnTYk,837
2022-1,tz1RiSGsJwcN6roErVt4D3mfSCYSaWYWP9q8,550
2022-1,KT1Dn3sambs7KZGW88hH2obZeSzfmCmGvpFo,634
2022-1,KT1N2oby9tYmv5tjkGD1KyVzkDRCmgDkXgSD,1062
2022-1,tz1am2nmU1cJmoPViB6MDM6kQHU6LAivipay,899
2022-1,KT1HbQepzV1nVGg8QVznG7z4RcHseD5kwqBn,12031
2022-1,tz1Vs2z88hHRnFLss81M7dXHnbwhZNMDrSgD,3927
2022-1,tz1fishChEERnSesm8mHe7xsJJwymbHVLcYf,7274
2022-1,tz1ch7nvDDAchbAPfTio3yBsdvN1SZJZj1wY,800
2022-1,tz1aJ34EpQnBV3gwPwFbSs2TB6WbdbFTzto8,735
2022-1,KT1NUrzs7tiT4VbNPqeTxgAFa4SXeV1f3xe9,1477
2022-1,tz1SGrdsM2EDo7juLo1U3vg2FoMekpkpDJLX,2341
2022-1,KT1Aq4wWmVanpQhq4TTfjZXB5AjFpx15iQMM,5638
2022-1,tz1M8U9MNBPt3gwogzvNqaF5L8tkwWgAFBUF,1477
2022-1,tz1aAx4kKinngvm7RBEZsse31x45CmnzPRwV,648
2022-1,tz1WpH8peQDkYFhkuKw17KnrT4uWvAKKULwh,2146
2022-1,tz1NAozDvi5e7frVq9cUaC3uXQQannemB8Jw,2499
2022-1,tz1VQnqCCqX4K5sP3FNkVSNKTdCAMJDd3E1n,869
2022-1,KT1EpGgjQs73QfFJs9z7m1Mxm5MTnpC2tqse,629
2022-1,tz1MHDcPPMZsK9mPA8XwUSw5kNqoJG3pXJ2f,674
2022-1,tz1Tnr7CDL5i45EHSPpPReBocDiGbMwpdTCn,3723
2022-1,tz1XWEi47p85eUwRZk2Xsp9VobSwUFq7GYKi,594
2022-1,tz1dbfppLAAxXZNtf2SDps7rch3qfUznKSoK,820
2022-1,tz1Ywgcavxq9D6hL32Q2AQWHAux9MrWqGoZC,1198
2022-1,tz1VeaJWkdr2m5YaKFgeAafenhHhDcMxWfHC,1549
2022-1,tz1Pm31zkj5tryYwhuqE7hhzYnULzrA5g5cf,2170
2022-1,KT19g5hey69CiXRbhRzJEwvuJ95RgVLzS3TP,563
2022-2,tz1fishChEERnSesm8mHe7xsJJwymbHVLcYf,7518
2022-2,KT1GyRAJNdizF1nojQz62uGYkx8WFRUJm9X5,702
2022-2,tz1c9HEyZdAWXZCLE7h3KcZCyykjZr7VY3QM,1229
2022-2,tz1hTJnYMKSDUv55yREM8ezmC5nsdbPUWao7,792
2022-2,tz1acsihTQWHEnxxNz7EEsBDLMTztoZQE9SW,1432
2022-2,tz1RiSGsJwcN6roErVt4D3mfSCYSaWYWP9q8,741
2022-2,tz1bAjg8KhBjzRMuPbdLfC4EvETmdsuruynm,579
2022-2,KT1WvzYHCNBvDSdwafTHv7nJ1dWmZ8GCYuuC,15876
2022-2,tz1gNjyzyT8L6WgNS4AdNMppsSFw76J4aDvT,2987
2022-2,tz1XWEi47p85eUwRZk2Xsp9VobSwUFq7GYKi,1469
2022-2,KT1XjcRq5MLAzMKQ3UHsrue2SeU2NbxUrzmU,2234
2022-2,tz1am2nmU1cJmoPViB6MDM6kQHU6LAivipay,973
2022-2,tz1M8U9MNBPt3gwogzvNqaF5L8tkwWgAFBUF,1467
2022-2,tz1SiPXX4MYGNJNDsRc7n8hkvUqFzg8xqF9m,16349
2022-2,tz1grfW18aeMQ5kajyVxM7rewzXhWGLsXUtY,1254
2022-2,KT1K4EwTpbvYN9agJdjpyJm4ZZdhpUNKB3F6,535
2022-2,tz1VQnqCCqX4K5sP3FNkVSNKTdCAMJDd3E1n,747
2022-2,tz1dbfppLAAxXZNtf2SDps7rch3qfUznKSoK,847
2022-2,KT18p94vjkkHYY3nPmernmgVR7HdZFzE7NAk,1122
2022-2,KT1QcZ81mxhYutPCA7WeVAd7Ko1etWJBuRqQ,839
2022-2,tz1iVCqjMRG7MfBoFnVjbLQyeLAeJQfLxXze,2052
2022-2,tz1LnHsA2wpn7guf8b7xzX2i5zNKRQoRQVgJ,2965
2022-2,tz1LsnEuv4fLsgxU9HJK21v8zHwcuBjb99Cd,1068
2022-2,tz2FqBRA1yPQLo4JXfMCT1dFWbFpFE4Tq3bm,912
2022-2,tz1Vs2z88hHRnFLss81M7dXHnbwhZNMDrSgD,2951
2022-2,tz1fRAiiDUxnXZwDmQghh1n6VytQUZWNPwWN,2484
2022-2,tz1MHDcPPMZsK9mPA8XwUSw5kNqoJG3pXJ2f,1005
2022-2,KT1TjnZYs5CGLbmV6yuW169P8Pnr9BiVwwjz,1513
2022-2,tz1WpH8peQDkYFhkuKw17KnrT4uWvAKKULwh,2367
2022-2,tz1VCP3MQdfxtRc83CRJZX43wc1oZUxb6KmH,2282
2022-2,tz1Tnr7CDL5i45EHSPpPReBocDiGbMwpdTCn,3344
2022-2,tz1bDhCGNZLQw1QXgf6MCzo6EtAVSGkqEB11,714
2022-2,tz1Z7eWGw18LqUgRqmDqNZFQx7f8GEHXRfT8,725
2022-2,tz1MdSsDBG8k8q1pxZrdpSC2Aw49ukFs8ACy,1026
2022-2,tz1XwJTLycM7mfDNamzsh2y7TdsnNTwZiDAa,1998
2022-2,KT1FvqJwEDWb1Gwc55Jd1jjTHRVWbYKUUpyq,13845
2022-2,tz1bDXD6nNSrebqmAnnKKwnX1QdePSMCj4MX,1223
2022-2,KT1HbQepzV1nVGg8QVznG7z4RcHseD5kwqBn,9634
2022-2,KT1XCoGnfupWk7Sp8536EfrxcP73LmT68Nyr,1080
2022-2,tz1Xs1sGyKEKHt1anVWkd7ov2qNufFLMrFrE,11959
2022-2,tz1Qd55E9faDRDUWVbFTv4GXe7mA46NPctLx,866
2022-2,tz1aJ34EpQnBV3gwPwFbSs2TB6WbdbFTzto8,534
2022-2,tz1SYq214SCBy9naR6cvycQsYcUGpBqQAE8d,1046
2022-2,tz1W1en9UpMCH4ZJL8wQCh8JDKCZARyVx2co,53401
2022-2,tz1hjem5Rpf4KAVbwMLJet75TDb8HjAKnTYk,641
2022-2,KT1Aq4wWmVanpQhq4TTfjZXB5AjFpx15iQMM,5291
2022-2,KT1N2oby9tYmv5tjkGD1KyVzkDRCmgDkXgSD,941
2022-2,KT1NUrzs7tiT4VbNPqeTxgAFa4SXeV1f3xe9,1949
2022-2,KT1KnuE87q1EKjPozJ5sRAjQA24FPsP57CE3,502
2022-2,tz1VeaJWkdr2m5YaKFgeAafenhHhDcMxWfHC,1725
2022-2,tz1MXjdb684ByEP5qUn5J7EMub7Sr8eBziDe,696
2022-2,tz1LonSbajvsh48sEp35EHrYNAWi6hUXz1vX,1455
2022-2,tz1e4N6UZzrjoxKbsJoLnxuBy6DfZu4voiTV,3018
2022-2,tz1RV1MBbZMR68tacosb7Mwj6LkbPSUS1er1,1212
2022-2,tz1NcoDFXMAfB26mpBhVrdSHmppyTeccT6Fi,701
2022-2,tz1Ywgcavxq9D6hL32Q2AQWHAux9MrWqGoZC,1246
2022-2,tz1ch7nvDDAchbAPfTio3yBsdvN1SZJZj1wY,584
2022-2,KT1Xo5B7PNBAeynZPmca4bRh6LQow4og1Zb9,2858
2022-2,tz1Pm31zkj5tryYwhuqE7hhzYnULzrA5g5cf,1475
2022-2,tz1SGrdsM2EDo7juLo1U3vg2FoMekpkpDJLX,1332
2022-2,tz1NAozDvi5e7frVq9cUaC3uXQQannemB8Jw,2525
2022-2,tz1Y2rhY9nBKfd2jp7m4z8iAMKKARWS3BvFA,1060
2022-2,tz1XTZM55hF7g98CzY88MXWhmK8QioGXHtuY,818
2022-3,KT1WvzYHCNBvDSdwafTHv7nJ1dWmZ8GCYuuC,17983
2022-3,tz1am2nmU1cJmoPViB6MDM6kQHU6LAivipay,1026
2022-3,tz2FqBRA1yPQLo4JXfMCT1dFWbFpFE4Tq3bm,6742
2022-3,tz1QS7N8HnRBG2RNh3Kjty58XFXuLFVdnKGY,511
2022-3,tz1SiPXX4MYGNJNDsRc7n8hkvUqFzg8xqF9m,9657
2022-3,tz1WpH8peQDkYFhkuKw17KnrT4uWvAKKULwh,2443
2022-3,tz1RUjCvS1s9vnJsUBWtCKTTgndCmrLmfsPL,865
2022-3,tz1MHDcPPMZsK9mPA8XwUSw5kNqoJG3pXJ2f,719
2022-3,tz1grfW18aeMQ5kajyVxM7rewzXhWGLsXUtY,1447
2022-3,KT1NUrzs7tiT4VbNPqeTxgAFa4SXeV1f3xe9,1414
2022-3,tz1Ywgcavxq9D6hL32Q2AQWHAux9MrWqGoZC,1296
2022-3,tz1SYq214SCBy9naR6cvycQsYcUGpBqQAE8d,1131
2022-3,tz1dbfppLAAxXZNtf2SDps7rch3qfUznKSoK,837
2022-3,tz1ch7nvDDAchbAPfTio3yBsdvN1SZJZj1wY,503
2022-3,tz1NAozDvi5e7frVq9cUaC3uXQQannemB8Jw,2481
2022-3,tz1Y2rhY9nBKfd2jp7m4z8iAMKKARWS3BvFA,1082
2022-3,tz1hTJnYMKSDUv55yREM8ezmC5nsdbPUWao7,825
2022-3,tz1W1en9UpMCH4ZJL8wQCh8JDKCZARyVx2co,54061
2022-3,tz1XTZM55hF7g98CzY88MXWhmK8QioGXHtuY,786
2022-3,tz1hodLFy8YDHtf1qJ3XH1gCyeXfwWEitkj9,512
2022-3,tz1LonSbajvsh48sEp35EHrYNAWi6hUXz1vX,1702
2022-3,tz1XwJTLycM7mfDNamzsh2y7TdsnNTwZiDAa,2092
2022-3,tz1fishChEERnSesm8mHe7xsJJwymbHVLcYf,8132
2022-3,tz1iVCqjMRG7MfBoFnVjbLQyeLAeJQfLxXze,2222
2022-3,tz1c9HEyZdAWXZCLE7h3KcZCyykjZr7VY3QM,1290
2022-3,KT1QcZ81mxhYutPCA7WeVAd7Ko1etWJBuRqQ,554
2022-3,tz1STpayh8rNYqpxVf3x86pWpzmcKwmrMvNv,542
2022-3,tz1MdSsDBG8k8q1pxZrdpSC2Aw49ukFs8ACy,999
2022-3,KT1BvWGFENd4CXW5F3u4n31xKfJhmBGipoqF,1217
2022-3,KT1TjnZYs5CGLbmV6yuW169P8Pnr9BiVwwjz,1533
2022-3,KT1FvqJwEDWb1Gwc55Jd1jjTHRVWbYKUUpyq,5916
2022-3,tz1fRAiiDUxnXZwDmQghh1n6VytQUZWNPwWN,2447
2022-3,tz1bDXD6nNSrebqmAnnKKwnX1QdePSMCj4MX,943
2022-3,KT1XCoGnfupWk7Sp8536EfrxcP73LmT68Nyr,1057
2022-3,tz1Xs1sGyKEKHt1anVWkd7ov2qNufFLMrFrE,9643
2022-3,tz1VQnqCCqX4K5sP3FNkVSNKTdCAMJDd3E1n,681
2022-3,tz1PFeoTuFen8jAMRHajBySNyCwLmY5RqF9M,572
2022-3,tz1bAjg8KhBjzRMuPbdLfC4EvETmdsuruynm,607
2022-3,KT1N2oby9tYmv5tjkGD1KyVzkDRCmgDkXgSD,907
2022-3,tz1Pm31zkj5tryYwhuqE7hhzYnULzrA5g5cf,1211
2022-3,KT1Aq4wWmVanpQhq4TTfjZXB5AjFpx15iQMM,4960
2022-3,tz1RV1MBbZMR68tacosb7Mwj6LkbPSUS1er1,1321
2022-3,KT1PHubm9HtyQEJ4BBpMTVomq6mhbfNZ9z5w,678
2022-3,tz1Z7eWGw18LqUgRqmDqNZFQx7f8GEHXRfT8,524
2022-3,tz1LnHsA2wpn7guf8b7xzX2i5zNKRQoRQVgJ,2580
2022-3,tz1VCP3MQdfxtRc83CRJZX43wc1oZUxb6KmH,2267
2022-3,tz1gNjyzyT8L6WgNS4AdNMppsSFw76J4aDvT,2623
2022-3,tz1RiSGsJwcN6roErVt4D3mfSCYSaWYWP9q8,753
2022-3,tz1XWEi47p85eUwRZk2Xsp9VobSwUFq7GYKi,1892
2022-3,tz1acsihTQWHEnxxNz7EEsBDLMTztoZQE9SW,1483
2022-3,tz1e4N6UZzrjoxKbsJoLnxuBy6DfZu4voiTV,2561
2022-3,tz1Vs2z88hHRnFLss81M7dXHnbwhZNMDrSgD,2542
2022-3,KT18p94vjkkHYY3nPmernmgVR7HdZFzE7NAk,1422
2022-3,tz1M8U9MNBPt3gwogzvNqaF5L8tkwWgAFBUF,1459
2022-3,KT1Xo5B7PNBAeynZPmca4bRh6LQow4og1Zb9,3613
2022-3,KT1HbQepzV1nVGg8QVznG7z4RcHseD5kwqBn,8360
2022-3,tz1hjem5Rpf4KAVbwMLJet75TDb8HjAKnTYk,700
2022-3,tz1VeaJWkdr2m5YaKFgeAafenhHhDcMxWfHC,1493
2022-3,tz1LsnEuv4fLsgxU9HJK21v8zHwcuBjb99Cd,1080
2022-4,tz1dbfppLAAxXZNtf2SDps7rch3qfUznKSoK,832
2022-4,tz1W1en9UpMCH4ZJL8wQCh8JDKCZARyVx2co,55501
2022-4,tz1hTJnYMKSDUv55yREM8ezmC5nsdbPUWao7,892
2022-4,KT1N2oby9tYmv5tjkGD1KyVzkDRCmgDkXgSD,655
2022-4,tz1gNjyzyT8L6WgNS4AdNMppsSFw76J4aDvT,1921
2022-4,tz1fishChEERnSesm8mHe7xsJJwymbHVLcYf,8340
2022-4,tz1RV1MBbZMR68tacosb7Mwj6LkbPSUS1er1,1303
2022-4,tz1Vs2z88hHRnFLss81M7dXHnbwhZNMDrSgD,1984
2022-4,KT18p94vjkkHYY3nPmernmgVR7HdZFzE7NAk,1488
2022-4,KT1BvWGFENd4CXW5F3u4n31xKfJhmBGipoqF,776
2022-4,tz1SGrdsM2EDo7juLo1U3vg2FoMekpkpDJLX,799
2022-4,tz1LsnEuv4fLsgxU9HJK21v8zHwcuBjb99Cd,1107
2022-4,tz1bDXD6nNSrebqmAnnKKwnX1QdePSMCj4MX,827
2022-4,KT1BJC12dG17CVvPKJ1VYaNnaT5mzfnUTwXv,942
2022-4,tz1fRAiiDUxnXZwDmQghh1n6VytQUZWNPwWN,2626
2022-4,tz1hodLFy8YDHtf1qJ3XH1gCyeXfwWEitkj9,573
2022-4,tz1VCP3MQdfxtRc83CRJZX43wc1oZUxb6KmH,2293
2022-4,tz1RiSGsJwcN6roErVt4D3mfSCYSaWYWP9q8,796
2022-4,tz1XWEi47p85eUwRZk2Xsp9VobSwUFq7GYKi,2233
2022-4,tz1VeaJWkdr2m5YaKFgeAafenhHhDcMxWfHC,1173
2022-4,tz1iVCqjMRG7MfBoFnVjbLQyeLAeJQfLxXze,2593
2022-4,tz1M8U9MNBPt3gwogzvNqaF5L8tkwWgAFBUF,1265
2022-4,KT19QcybJCf8zKCEECRhtMUYTptTwgY9jMKU,1036
2022-4,tz1hjem5Rpf4KAVbwMLJet75TDb8HjAKnTYk,554
2022-4,tz1am2nmU1cJmoPViB6MDM6kQHU6LAivipay,1122
2022-4,tz1RZsAhUf1kRzXNa7U4DBapoZRsbe2UiY6C,917
2022-4,tz1WpH8peQDkYFhkuKw17KnrT4uWvAKKULwh,2373
2022-4,tz1VQnqCCqX4K5sP3FNkVSNKTdCAMJDd3E1n,674
2022-4,tz1acsihTQWHEnxxNz7EEsBDLMTztoZQE9SW,1514
2022-4,tz1XTZM55hF7g98CzY88MXWhmK8QioGXHtuY,785
2022-4,KT1HbQepzV1nVGg8QVznG7z4RcHseD5kwqBn,5115
2022-4,tz1c9HEyZdAWXZCLE7h3KcZCyykjZr7VY3QM,1281
2022-4,tz2FqBRA1yPQLo4JXfMCT1dFWbFpFE4Tq3bm,2763
2022-4,tz1LnHsA2wpn7guf8b7xzX2i5zNKRQoRQVgJ,2004
2022-4,KT1PHubm9HtyQEJ4BBpMTVomq6mhbfNZ9z5w,2163
2022-4,KT1TjnZYs5CGLbmV6yuW169P8Pnr9BiVwwjz,1154
2022-4,tz1grfW18aeMQ5kajyVxM7rewzXhWGLsXUtY,1551
2022-4,tz1Y2rhY9nBKfd2jp7m4z8iAMKKARWS3BvFA,1176
2022-4,tz1e4N6UZzrjoxKbsJoLnxuBy6DfZu4voiTV,2096
2022-4,KT1GbyoDi7H1sfXmimXpptZJuCdHMh66WS9u,2219
2022-4,tz1Xs1sGyKEKHt1anVWkd7ov2qNufFLMrFrE,7657
2022-4,tz1QS7N8HnRBG2RNh3Kjty58XFXuLFVdnKGY,507
2022-4,tz1NAozDvi5e7frVq9cUaC3uXQQannemB8Jw,2517
2022-4,KT1Aq4wWmVanpQhq4TTfjZXB5AjFpx15iQMM,5219
2022-4,KT1NUrzs7tiT4VbNPqeTxgAFa4SXeV1f3xe9,1135
2022-4,tz1Ywgcavxq9D6hL32Q2AQWHAux9MrWqGoZC,1331
2022-4,tz1PFeoTuFen8jAMRHajBySNyCwLmY5RqF9M,589
2022-4,tz1MdSsDBG8k8q1pxZrdpSC2Aw49ukFs8ACy,981
2022-4,tz1SiPXX4MYGNJNDsRc7n8hkvUqFzg8xqF9m,5897
2022-4,KT1FvqJwEDWb1Gwc55Jd1jjTHRVWbYKUUpyq,4341
2022-4,tz1STpayh8rNYqpxVf3x86pWpzmcKwmrMvNv,552
2022-4,KT1WvzYHCNBvDSdwafTHv7nJ1dWmZ8GCYuuC,15819
2022-4,tz1LonSbajvsh48sEp35EHrYNAWi6hUXz1vX,1913
2022-4,tz1XwJTLycM7mfDNamzsh2y7TdsnNTwZiDAa,2153
2022-4,KT1Xo5B7PNBAeynZPmca4bRh6LQow4og1Zb9,2409
2022-4,tz1Pm31zkj5tryYwhuqE7hhzYnULzrA5g5cf,1025
2022-4,tz1SYq214SCBy9naR6cvycQsYcUGpBqQAE8d,936
2022-5,tz1M8U9MNBPt3gwogzvNqaF5L8tkwWgAFBUF,1245
2022-5,tz1Xs1sGyKEKHt1anVWkd7ov2qNufFLMrFrE,6247
2022-5,tz1XjkawXMmtKU5cwUxxMMYtvvph9J2sPMcm,560
2022-5,tz1VeaJWkdr2m5YaKFgeAafenhHhDcMxWfHC,1481
2022-5,tz1SiPXX4MYGNJNDsRc7n8hkvUqFzg8xqF9m,4809
2022-5,tz1Y2rhY9nBKfd2jp7m4z8iAMKKARWS3BvFA,1182
2022-5,tz1hjem5Rpf4KAVbwMLJet75TDb8HjAKnTYk,543
2022-5,tz1bDXD6nNSrebqmAnnKKwnX1QdePSMCj4MX,920
2022-5,tz1Vs2z88hHRnFLss81M7dXHnbwhZNMDrSgD,2804
2022-5,KT1PHubm9HtyQEJ4BBpMTVomq6mhbfNZ9z5w,3583
2022-5,KT1GbyoDi7H1sfXmimXpptZJuCdHMh66WS9u,4159
2022-5,tz1XTZM55hF7g98CzY88MXWhmK8QioGXHtuY,775
2022-5,tz1fRAiiDUxnXZwDmQghh1n6VytQUZWNPwWN,2916
2022-5,tz1c9HEyZdAWXZCLE7h3KcZCyykjZr7VY3QM,1233
2022-5,KT18p94vjkkHYY3nPmernmgVR7HdZFzE7NAk,1529
2022-5,KT1NBgqqJacbdoeNAg9MvrgPT9h6q6AGWvFA,904
2022-5,KT1BB3oNr5vUSw1CuPNb2zpYEVp376XrXWaJ,905
2022-5,tz1gNjyzyT8L6WgNS4AdNMppsSFw76J4aDvT,2772
2022-5,tz2FqBRA1yPQLo4JXfMCT1dFWbFpFE4Tq3bm,2246
2022-5,tz1WpH8peQDkYFhkuKw17KnrT4uWvAKKULwh,2303
2022-5,tz1VQnqCCqX4K5sP3FNkVSNKTdCAMJDd3E1n,649
2022-5,tz1LonSbajvsh48sEp35EHrYNAWi6hUXz1vX,1894
2022-5,tz1W1en9UpMCH4ZJL8wQCh8JDKCZARyVx2co,56792
2022-5,tz1LnHsA2wpn7guf8b7xzX2i5zNKRQoRQVgJ,2710
2022-5,KT1H25LW5k4HQGm9hmNXzaxf3nqjsAEhQPah,905
2022-5,tz1cN26w94ikbLWtHaFsRTbz5Hfu32QKWLJx,728
2022-5,tz1SYq214SCBy9naR6cvycQsYcUGpBqQAE8d,1042
2022-5,tz1NAozDvi5e7frVq9cUaC3uXQQannemB8Jw,2432
2022-5,tz1e4N6UZzrjoxKbsJoLnxuBy6DfZu4voiTV,2743
2022-5,tz1LsnEuv4fLsgxU9HJK21v8zHwcuBjb99Cd,1115
2022-5,tz1am2nmU1cJmoPViB6MDM6kQHU6LAivipay,1079
2022-5,KT1NGTDBKDPMrAYEufb72CLwuQJ7jU7jL6jD,905
2022-5,tz1acsihTQWHEnxxNz7EEsBDLMTztoZQE9SW,1599
2022-5,KT1N2oby9tYmv5tjkGD1KyVzkDRCmgDkXgSD,631
2022-5,tz2WDATNYnp7FdsmuZDYSidioZqeoLNZqXvE,3497
2022-5,tz1STpayh8rNYqpxVf3x86pWpzmcKwmrMvNv,516
2022-5,tz1PFeoTuFen8jAMRHajBySNyCwLmY5RqF9M,614
2022-5,KT1TjnZYs5CGLbmV6yuW169P8Pnr9BiVwwjz,1042
2022-5,tz1bq5QazD43hBGxYxX8mv4sa1r1kz5sRGWz,1353
2022-5,KT1HbQepzV1nVGg8QVznG7z4RcHseD5kwqBn,2551
2022-5,tz1RV1MBbZMR68tacosb7Mwj6LkbPSUS1er1,1207
2022-5,tz1Ywgcavxq9D6hL32Q2AQWHAux9MrWqGoZC,1310
2022-5,tz1XwJTLycM7mfDNamzsh2y7TdsnNTwZiDAa,2169
2022-5,tz1SQ3QgAXufErcaX2D62ee8S91vBxJe6qjS,1656
2022-5,tz1MdSsDBG8k8q1pxZrdpSC2Aw49ukFs8ACy,954
2022-5,tz1MXjdb684ByEP5qUn5J7EMub7Sr8eBziDe,516
2022-5,KT1Xo5B7PNBAeynZPmca4bRh6LQow4og1Zb9,2826
2022-5,KT1FvqJwEDWb1Gwc55Jd1jjTHRVWbYKUUpyq,4531
2022-5,tz1grfW18aeMQ5kajyVxM7rewzXhWGLsXUtY,1530
2022-5,tz1fishChEERnSesm8mHe7xsJJwymbHVLcYf,8339
2022-5,tz1VCP3MQdfxtRc83CRJZX43wc1oZUxb6KmH,2298
2022-5,tz1RUjCvS1s9vnJsUBWtCKTTgndCmrLmfsPL,815
2022-5,KT1LpGZnT6dj6STSxHXmvSPqx39ZdPXAMpFz,905
2022-5,KT1Aq4wWmVanpQhq4TTfjZXB5AjFpx15iQMM,6091
2022-5,tz1hodLFy8YDHtf1qJ3XH1gCyeXfwWEitkj9,605
2022-5,tz1RiSGsJwcN6roErVt4D3mfSCYSaWYWP9q8,781
2022-5,KT1WvzYHCNBvDSdwafTHv7nJ1dWmZ8GCYuuC,17807
2022-5,KT1BJC12dG17CVvPKJ1VYaNnaT5mzfnUTwXv,1006
2022-5,tz1hTJnYMKSDUv55yREM8ezmC5nsdbPUWao7,911
2022-5,tz1iVCqjMRG7MfBoFnVjbLQyeLAeJQfLxXze,2562
2022-5,tz1XWEi47p85eUwRZk2Xsp9VobSwUFq7GYKi,2192
2022-5,tz1SGrdsM2EDo7juLo1U3vg2FoMekpkpDJLX,1157
2022-5,KT1NUrzs7tiT4VbNPqeTxgAFa4SXeV1f3xe9,1035
2022-5,tz1Pm31zkj5tryYwhuqE7hhzYnULzrA5g5cf,1052
2022-5,tz1dbfppLAAxXZNtf2SDps7rch3qfUznKSoK,815
2022-6,tz2WDATNYnp7FdsmuZDYSidioZqeoLNZqXvE,6466
2022-6,tz1XWEi47p85eUwRZk2Xsp9VobSwUFq7GYKi,2164
2022-6,tz1Y2rhY9nBKfd2jp7m4z8iAMKKARWS3BvFA,1224
2022-6,KT1Aq4wWmVanpQhq4TTfjZXB5AjFpx15iQMM,6762
2022-6,KT1HbQepzV1nVGg8QVznG7z4RcHseD5kwqBn,2099
2022-6,KT1NoozaPXHKZHobxcheTWa1XLSTChUTgBg1,885
2022-6,tz1am2nmU1cJmoPViB6MDM6kQHU6LAivipay,1065
2022-6,KT1BJC12dG17CVvPKJ1VYaNnaT5mzfnUTwXv,1118
2022-6,tz1iVCqjMRG7MfBoFnVjbLQyeLAeJQfLxXze,2518
2022-6,KT1VoZeuBMJF6vxtLqEFMoc4no5VDG789D7z,659
2022-6,tz1Pm31zkj5tryYwhuqE7hhzYnULzrA5g5cf,950
2022-6,tz1Xs1sGyKEKHt1anVWkd7ov2qNufFLMrFrE,4735
2022-6,KT1PHubm9HtyQEJ4BBpMTVomq6mhbfNZ9z5w,3028
2022-6,tz1fishChEERnSesm8mHe7xsJJwymbHVLcYf,8394
2022-6,tz1dbfppLAAxXZNtf2SDps7rch3qfUznKSoK,860
2022-6,tz1e4N6UZzrjoxKbsJoLnxuBy6DfZu4voiTV,2308
2022-6,tz1SGrdsM2EDo7juLo1U3vg2FoMekpkpDJLX,997
2022-6,KT1Xo5B7PNBAeynZPmca4bRh6LQow4og1Zb9,1661
2022-6,tz1NAozDvi5e7frVq9cUaC3uXQQannemB8Jw,2419
2022-6,tz1VeaJWkdr2m5YaKFgeAafenhHhDcMxWfHC,1188
2022-6,tz1PFeoTuFen8jAMRHajBySNyCwLmY5RqF9M,672
2022-6,tz1acsihTQWHEnxxNz7EEsBDLMTztoZQE9SW,1612
2022-6,tz1XjkawXMmtKU5cwUxxMMYtvvph9J2sPMcm,680
2022-6,KT1WvzYHCNBvDSdwafTHv7nJ1dWmZ8GCYuuC,19342
2022-6,tz1fRAiiDUxnXZwDmQghh1n6VytQUZWNPwWN,2688
2022-6,tz1WpH8peQDkYFhkuKw17KnrT4uWvAKKULwh,2249
2022-6,tz2FqBRA1yPQLo4JXfMCT1dFWbFpFE4Tq3bm,1348
2022-6,tz1Vs2z88hHRnFLss81M7dXHnbwhZNMDrSgD,2269
2022-6,KT1GyRAJNdizF1nojQz62uGYkx8WFRUJm9X5,634
2022-6,tz1SQ3QgAXufErcaX2D62ee8S91vBxJe6qjS,606
2022-6,tz1MdSsDBG8k8q1pxZrdpSC2Aw49ukFs8ACy,903
2022-6,tz1bq5QazD43hBGxYxX8mv4sa1r1kz5sRGWz,620
2022-6,KT1NUrzs7tiT4VbNPqeTxgAFa4SXeV1f3xe9,1103
2022-6,tz1XwJTLycM7mfDNamzsh2y7TdsnNTwZiDAa,2167
2022-6,tz1c9HEyZdAWXZCLE7h3KcZCyykjZr7VY3QM,1165
2022-6,tz1QS7N8HnRBG2RNh3Kjty58XFXuLFVdnKGY,501
2022-6,tz1VCP3MQdfxtRc83CRJZX43wc1oZUxb6KmH,2304
2022-6,tz1STpayh8rNYqpxVf3x86pWpzmcKwmrMvNv,729
2022-6,tz1LnHsA2wpn7guf8b7xzX2i5zNKRQoRQVgJ,2332
2022-6,tz1c56A9v2wTuXuM5v2LbaoawMw2BoKDKi5u,538
2022-6,KT1TjnZYs5CGLbmV6yuW169P8Pnr9BiVwwjz,1037
2022-6,tz1M8U9MNBPt3gwogzvNqaF5L8tkwWgAFBUF,1240
2022-6,tz1TqU5hwh6CtC8Ps5GYBi7YyawvtKLNCbvQ,557
2022-6,tz1XTZM55hF7g98CzY88MXWhmK8QioGXHtuY,768
2022-6,tz1LonSbajvsh48sEp35EHrYNAWi6hUXz1vX,1970
2022-6,KT1GbyoDi7H1sfXmimXpptZJuCdHMh66WS9u,4537
2022-6,KT1FvqJwEDWb1Gwc55Jd1jjTHRVWbYKUUpyq,3770
2022-6,KT18p94vjkkHYY3nPmernmgVR7HdZFzE7NAk,1664
2022-6,tz1hTJnYMKSDUv55yREM8ezmC5nsdbPUWao7,887
2022-6,tz1hodLFy8YDHtf1qJ3XH1gCyeXfwWEitkj9,597
2022-6,tz1VQnqCCqX4K5sP3FNkVSNKTdCAMJDd3E1n,628
2022-6,tz1LsnEuv4fLsgxU9HJK21v8zHwcuBjb99Cd,1125
2022-6,tz1SYq214SCBy9naR6cvycQsYcUGpBqQAE8d,862
2022-6,tz1VK1CUgY41ToNVtW8yC2ufNcjWsuQ87S3E,577
2022-6,tz1RiSGsJwcN6roErVt4D3mfSCYSaWYWP9q8,742
2022-6,tz1QmwPQcHVEaHsH4bknqXtDzLComqRE2hAJ,1519
2022-6,tz1gNjyzyT8L6WgNS4AdNMppsSFw76J4aDvT,2304
2022-6,tz1RV1MBbZMR68tacosb7Mwj6LkbPSUS1er1,1207
2022-6,tz1bDXD6nNSrebqmAnnKKwnX1QdePSMCj4MX,912
2022-6,tz1grfW18aeMQ5kajyVxM7rewzXhWGLsXUtY,1536
2022-6,tz1W1en9UpMCH4ZJL8wQCh8JDKCZARyVx2co,56960
2022-6,tz1Ywgcavxq9D6hL32Q2AQWHAux9MrWqGoZC,1298
2022-7,KT1NUrzs7tiT4VbNPqeTxgAFa4SXeV1f3xe9,941
2022-7,tz1RV1MBbZMR68tacosb7Mwj6LkbPSUS1er1,1163
2022-7,tz1WpH8peQDkYFhkuKw17KnrT4uWvAKKULwh,2252
2022-7,tz2FqBRA1yPQLo4JXfMCT1dFWbFpFE4Tq3bm,1216
2022-7,tz2WDATNYnp7FdsmuZDYSidioZqeoLNZqXvE,6661
2022-7,tz1LsnEuv4fLsgxU9HJK21v8zHwcuBjb99Cd,1115
2022-7,tz1XTZM55hF7g98CzY88MXWhmK8QioGXHtuY,757
2022-7,tz1VQnqCCqX4K5sP3FNkVSNKTdCAMJDd3E1n,609
2022-7,tz1RiSGsJwcN6roErVt4D3mfSCYSaWYWP9q8,722
2022-7,tz1Vs2z88hHRnFLss81M7dXHnbwhZNMDrSgD,2322
2022-7,KT1PHubm9HtyQEJ4BBpMTVomq6mhbfNZ9z5w,2585
2022-7,tz1M8U9MNBPt3gwogzvNqaF5L8tkwWgAFBUF,1245
2022-7,tz1MJZr5S6WXLJFRbevpEwY7hvUDtiK3pKin,1452
2022-7,tz1bDXD6nNSrebqmAnnKKwnX1QdePSMCj4MX,873
2022-7,KT18p94vjkkHYY3nPmernmgVR7HdZFzE7NAk,2442
2022-7,tz1MdSsDBG8k8q1pxZrdpSC2Aw49ukFs8ACy,880
2022-7,tz1RUjCvS1s9vnJsUBWtCKTTgndCmrLmfsPL,782
2022-7,tz1grfW18aeMQ5kajyVxM7rewzXhWGLsXUtY,1569
2022-7,tz1SGrdsM2EDo7juLo1U3vg2FoMekpkpDJLX,1375
2022-7,KT1Xo5B7PNBAeynZPmca4bRh6LQow4og1Zb9,1103
2022-7,tz1c9HEyZdAWXZCLE7h3KcZCyykjZr7VY3QM,1110
2022-7,KT1HbQepzV1nVGg8QVznG7z4RcHseD5kwqBn,1811
2022-7,KT1NoozaPXHKZHobxcheTWa1XLSTChUTgBg1,710
2022-7,tz1fRAiiDUxnXZwDmQghh1n6VytQUZWNPwWN,2691
2022-7,tz1gNjyzyT8L6WgNS4AdNMppsSFw76J4aDvT,2295
2022-7,KT1BJC12dG17CVvPKJ1VYaNnaT5mzfnUTwXv,1192
2022-7,tz1e4N6UZzrjoxKbsJoLnxuBy6DfZu4voiTV,2315
2022-7,tz1LnHsA2wpn7guf8b7xzX2i5zNKRQoRQVgJ,2298
2022-7,tz1Xs1sGyKEKHt1anVWkd7ov2qNufFLMrFrE,4029
2022-7,tz1iVCqjMRG7MfBoFnVjbLQyeLAeJQfLxXze,2493
2022-7,KT1WvzYHCNBvDSdwafTHv7nJ1dWmZ8GCYuuC,20043
2022-7,KT1FvqJwEDWb1Gwc55Jd1jjTHRVWbYKUUpyq,2998
2022-7,tz1VeaJWkdr2m5YaKFgeAafenhHhDcMxWfHC,679
2022-7,tz1hodLFy8YDHtf1qJ3XH1gCyeXfwWEitkj9,616
2022-7,tz1Ywgcavxq9D6hL32Q2AQWHAux9MrWqGoZC,1270
2022-7,tz1XwJTLycM7mfDNamzsh2y7TdsnNTwZiDAa,2198
2022-7,tz1acsihTQWHEnxxNz7EEsBDLMTztoZQE9SW,1671
2022-7,tz1LonSbajvsh48sEp35EHrYNAWi6hUXz1vX,1937
2022-7,tz1SQ3QgAXufErcaX2D62ee8S91vBxJe6qjS,1775
2022-7,tz1NAozDvi5e7frVq9cUaC3uXQQannemB8Jw,2565
2022-7,tz1XjkawXMmtKU5cwUxxMMYtvvph9J2sPMcm,831
2022-7,tz1W1en9UpMCH4ZJL8wQCh8JDKCZARyVx2co,57360
2022-7,tz1VK1CUgY41ToNVtW8yC2ufNcjWsuQ87S3E,1152
2022-7,tz1XWEi47p85eUwRZk2Xsp9VobSwUFq7GYKi,2269
2022-7,tz1dbfppLAAxXZNtf2SDps7rch3qfUznKSoK,903
2022-7,tz1fishChEERnSesm8mHe7xsJJwymbHVLcYf,8542
2022-7,tz1Y2rhY9nBKfd2jp7m4z8iAMKKARWS3BvFA,1258
2022-7,KT1TjnZYs5CGLbmV6yuW169P8Pnr9BiVwwjz,1351
2022-7,KT1Aq4wWmVanpQhq4TTfjZXB5AjFpx15iQMM,9578
2022-7,KT1GbyoDi7H1sfXmimXpptZJuCdHMh66WS9u,4370
2022-7,tz1hTJnYMKSDUv55yREM8ezmC5nsdbPUWao7,884
2022-7,tz1Pm31zkj5tryYwhuqE7hhzYnULzrA5g5cf,900
2022-7,tz1PFeoTuFen8jAMRHajBySNyCwLmY5RqF9M,711
2022-7,tz1VCP3MQdfxtRc83CRJZX43wc1oZUxb6KmH,2327
2022-7,tz1am2nmU1cJmoPViB6MDM6kQHU6LAivipay,1085
2022-7,tz1dPMpQ4zEgdngrPbwywAowzfbandTQ1dDK,808
2022-8,tz1e4N6UZzrjoxKbsJoLnxuBy6DfZu4voiTV,1715
2022-8,tz1LnHsA2wpn7guf8b7xzX2i5zNKRQoRQVgJ,1704
2022-8,tz1XjkawXMmtKU5cwUxxMMYtvvph9J2sPMcm,870
2022-8,tz1gNjyzyT8L6WgNS4AdNMppsSFw76J4aDvT,1692
2022-8,tz1Xs1sGyKEKHt1anVWkd7ov2qNufFLMrFrE,3808
2022-8,KT1NUrzs7tiT4VbNPqeTxgAFa4SXeV1f3xe9,856
2022-8,tz1PFeoTuFen8jAMRHajBySNyCwLmY5RqF9M,693
2022-8,tz1WpH8peQDkYFhkuKw17KnrT4uWvAKKULwh,2319
2022-8,tz1grfW18aeMQ5kajyVxM7rewzXhWGLsXUtY,1591
2022-8,tz1LsnEuv4fLsgxU9HJK21v8zHwcuBjb99Cd,1105
2022-8,tz1dbfppLAAxXZNtf2SDps7rch3qfUznKSoK,916
2022-8,KT1FvqJwEDWb1Gwc55Jd1jjTHRVWbYKUUpyq,2964
2022-8,tz1LonSbajvsh48sEp35EHrYNAWi6hUXz1vX,1936
2022-8,tz1hT46RjyD4MsBc7u6pwkkNF7FGdEC67KaU,524
2022-8,KT1Xo5B7PNBAeynZPmca4bRh6LQow4og1Zb9,719
2022-8,KT1HbQepzV1nVGg8QVznG7z4RcHseD5kwqBn,2265
2022-8,tz1am2nmU1cJmoPViB6MDM6kQHU6LAivipay,1059
2022-8,tz1c9HEyZdAWXZCLE7h3KcZCyykjZr7VY3QM,1063
2022-8,KT1TjnZYs5CGLbmV6yuW169P8Pnr9BiVwwjz,1205
2022-8,tz1M8U9MNBPt3gwogzvNqaF5L8tkwWgAFBUF,1221
2022-8,tz1XTZM55hF7g98CzY88MXWhmK8QioGXHtuY,756
2022-8,tz1acsihTQWHEnxxNz7EEsBDLMTztoZQE9SW,1700
2022-8,tz1Y2rhY9nBKfd2jp7m4z8iAMKKARWS3BvFA,1283
2022-8,tz1Mn66CLYJUmsrYSy23EFtdWBkHgqCooCzi,603
2022-8,tz2WDATNYnp7FdsmuZDYSidioZqeoLNZqXvE,5618
2022-8,tz1MdSsDBG8k8q1pxZrdpSC2Aw49ukFs8ACy,887
2022-8,tz1XWEi47p85eUwRZk2Xsp9VobSwUFq7GYKi,2321
2022-8,tz1Pm31zkj5tryYwhuqE7hhzYnULzrA5g5cf,722
2022-8,tz1W1en9UpMCH4ZJL8wQCh8JDKCZARyVx2co,57607
2022-8,KT1WvzYHCNBvDSdwafTHv7nJ1dWmZ8GCYuuC,24113
2022-8,tz1VQnqCCqX4K5sP3FNkVSNKTdCAMJDd3E1n,596
2022-8,tz1bDXD6nNSrebqmAnnKKwnX1QdePSMCj4MX,642
2022-8,tz1Vs2z88hHRnFLss81M7dXHnbwhZNMDrSgD,1681
2022-8,tz1VCP3MQdfxtRc83CRJZX43wc1oZUxb6KmH,2342
2022-8,KT18p94vjkkHYY3nPmernmgVR7HdZFzE7NAk,2197
2022-8,KT1BJC12dG17CVvPKJ1VYaNnaT5mzfnUTwXv,1077
2022-8,tz1hodLFy8YDHtf1qJ3XH1gCyeXfwWEitkj9,590
2022-8,tz1RUjCvS1s9vnJsUBWtCKTTgndCmrLmfsPL,782
2022-8,tz1hTJnYMKSDUv55yREM8ezmC5nsdbPUWao7,882
2022-8,KT1PHubm9HtyQEJ4BBpMTVomq6mhbfNZ9z5w,2867
2022-8,KT1Aq4wWmVanpQhq4TTfjZXB5AjFpx15iQMM,10155
2022-8,tz1fishChEERnSesm8mHe7xsJJwymbHVLcYf,8883
2022-8,tz1STpayh8rNYqpxVf3x86pWpzmcKwmrMvNv,650
2022-8,tz1fRAiiDUxnXZwDmQghh1n6VytQUZWNPwWN,3036
2022-8,tz1QS7N8HnRBG2RNh3Kjty58XFXuLFVdnKGY,503
2022-8,tz1XwJTLycM7mfDNamzsh2y7TdsnNTwZiDAa,2204
2022-8,tz1SQ3QgAXufErcaX2D62ee8S91vBxJe6qjS,1721
2022-8,KT1GbyoDi7H1sfXmimXpptZJuCdHMh66WS9u,3824
2022-8,tz1RV1MBbZMR68tacosb7Mwj6LkbPSUS1er1,1254
2022-8,tz1Ywgcavxq9D6hL32Q2AQWHAux9MrWqGoZC,1263
2022-8,tz1NAozDvi5e7frVq9cUaC3uXQQannemB8Jw,2368
2022-8,tz1SGrdsM2EDo7juLo1U3vg2FoMekpkpDJLX,784
2022-8,tz1RiSGsJwcN6roErVt4D3mfSCYSaWYWP9q8,683
2022-9,tz1VCP3MQdfxtRc83CRJZX43wc1oZUxb6KmH,2272
2022-9,tz1XwJTLycM7mfDNamzsh2y7TdsnNTwZiDAa,2168
2022-9,tz1MdSsDBG8k8q1pxZrdpSC2Aw49ukFs8ACy,869
2022-9,KT1FvqJwEDWb1Gwc55Jd1jjTHRVWbYKUUpyq,614
2022-9,tz1XjkawXMmtKU5cwUxxMMYtvvph9J2sPMcm,720
2022-9,tz1M8U9MNBPt3gwogzvNqaF5L8tkwWgAFBUF,1201
2022-9,tz1PFeoTuFen8jAMRHajBySNyCwLmY5RqF9M,662
2022-9,tz2WDATNYnp7FdsmuZDYSidioZqeoLNZqXvE,1031
2022-9,tz1fishChEERnSesm8mHe7xsJJwymbHVLcYf,8854
2022-9,tz1Y2rhY9nBKfd2jp7m4z8iAMKKARWS3BvFA,1271
2022-9,tz1WpH8peQDkYFhkuKw17KnrT4uWvAKKULwh,2238
2022-9,tz1fRAiiDUxnXZwDmQghh1n6VytQUZWNPwWN,2588
2022-9,tz1hodLFy8YDHtf1qJ3XH1gCyeXfwWEitkj9,566
2022-9,tz1Ywgcavxq9D6hL32Q2AQWHAux9MrWqGoZC,1235
2022-9,tz1W1en9UpMCH4ZJL8wQCh8JDKCZARyVx2co,57196
2022-9,KT18p94vjkkHYY3nPmernmgVR7HdZFzE7NAk,711
2022-9,tz1grfW18aeMQ5kajyVxM7rewzXhWGLsXUtY,1513
2022-9,tz1RV1MBbZMR68tacosb7Mwj6LkbPSUS1er1,1100
2022-9,tz1NAozDvi5e7frVq9cUaC3uXQQannemB8Jw,2266
2022-9,tz1XWEi47p85eUwRZk2Xsp9VobSwUFq7GYKi,2218
2022-9,tz1c9HEyZdAWXZCLE7h3KcZCyykjZr7VY3QM,1026
2022-9,KT1Aq4wWmVanpQhq4TTfjZXB5AjFpx15iQMM,2902
2022-9,KT1GbyoDi7H1sfXmimXpptZJuCdHMh66WS9u,1669
2022-9,tz1RUjCvS1s9vnJsUBWtCKTTgndCmrLmfsPL,780
2022-9,tz1LonSbajvsh48sEp35EHrYNAWi6hUXz1vX,1870
2022-9,KT1PHubm9HtyQEJ4BBpMTVomq6mhbfNZ9z5w,859
2022-9,tz1XTZM55hF7g98CzY88MXWhmK8QioGXHtuY,745
2022-9,KT1WvzYHCNBvDSdwafTHv7nJ1dWmZ8GCYuuC,9248
2022-9,tz1VQnqCCqX4K5sP3FNkVSNKTdCAMJDd3E1n,569
2022-9,tz1acsihTQWHEnxxNz7EEsBDLMTztoZQE9SW,1182
2022-9,tz1hTJnYMKSDUv55yREM8ezmC5nsdbPUWao7,817
2022-9,tz1Xs1sGyKEKHt1anVWkd7ov2qNufFLMrFrE,540
2022-9,tz1am2nmU1cJmoPViB6MDM6kQHU6LAivipay,996
2022-9,tz1RiSGsJwcN6roErVt4D3mfSCYSaWYWP9q8,667